name,artist,album,release_date,duration_ms,popularity,id,uri,added_at
"Can't Breakup Girl, Can't Breakaway Boy (feat. Jung In)",Leessang,Hexagonal,2009-10-06,284626,34,5ob1r8AE5Nbov65ea7P4e4,spotify:track:5ob1r8AE5Nbov65ea7P4e4,2024-08-24T20:37:39Z
Love Love Love,Epik High,Remapping the Human Soul,2007-01-24,231093,45,7hlEhmg5h9XuFtaGfgvqjF,spotify:track:7hlEhmg5h9XuFtaGfgvqjF,2024-08-24T20:33:19Z
New Woman (feat. ROSALÍA),LISA,New Woman (feat. ROSALÍA),2024-08-15,179789,92,7ov3TDp5D00Rnu5R1viX4w,spotify:track:7ov3TDp5D00Rnu5R1viX4w,2024-08-16T03:32:12Z
Big Dawgs,Hanumankind,Big Dawgs,2024-07-09,190666,93,0OA00aPt3BV10qeMIs3meW,spotify:track:0OA00aPt3BV10qeMIs3meW,2024-07-30T03:16:14Z
Higher,BTOB,Be Together,2022-02-21,194533,37,61751XVhGsqK7fzuxzTTCD,spotify:track:61751XVhGsqK7fzuxzTTCD,2024-07-20T20:02:47Z
Who,Jimin,MUSE,2024-07-19,170887,94,7tI8dRuH2Yc6RuoTjxo4dU,spotify:track:7tI8dRuH2Yc6RuoTjxo4dU,2024-07-20T17:10:33Z
Finale (Our Concert),BTOB,Brother Act.,2017-10-16,240008,37,2jB5EAMx9D5WeTbQyI8TWM,spotify:track:2jB5EAMx9D5WeTbQyI8TWM,2024-07-17T21:49:34Z
Wind And Wish,BTOB,WIND AND WISH,2023-05-02,221466,43,0feBL3YZOwuLcVjTZhMjRZ,spotify:track:0feBL3YZOwuLcVjTZhMjRZ,2024-07-17T21:47:21Z
This Love,SHINHWA,The Classic,2013-05-16,220346,41,1tYpbWzCSZjWz6tZxVbyzC,spotify:track:1tYpbWzCSZjWz6tZxVbyzC,2024-06-27T03:16:12Z
Kibou No Uta (Food Wars! Shokugeki No Soma),Miura Jam,Kibou No Uta (Food Wars! Shokugeki No Soma),2020-03-16,249081,43,1SqKx8ek6w2v6XYPQROobR,spotify:track:1SqKx8ek6w2v6XYPQROobR,2024-06-19T00:34:59Z
Just Like Dat feat. JP THE WAVY,PSYCHIC FEVER from EXILE TRIBE,99.9 Psychic Radio,2024-01-19,191132,56,44jt5m1pRE0rI4VixZbWF6,spotify:track:44jt5m1pRE0rI4VixZbWF6,2024-06-16T21:57:04Z
Shooting Star,Kep1er,Kep1going On,2024-06-03,183400,61,0k2JbfyqtVhiLqGgNuwQGX,spotify:track:0k2JbfyqtVhiLqGgNuwQGX,2024-06-12T10:43:05Z
I Smile,DAY6,SUNRISE,2017-06-07,227159,51,6Cd3yyEqcG4LsmUCs1DLze,spotify:track:6Cd3yyEqcG4LsmUCs1DLze,2024-06-08T23:08:28Z
콩떡빙수 - Cool Summer By Junjaman,AKMU,콩떡빙수 Extreme Cool Summer Edition,2013-08-08,183720,25,4s29SZKStwGbYDyYeV4KOc,spotify:track:4s29SZKStwGbYDyYeV4KOc,2024-06-07T00:20:37Z
Around,AKMU,SPRING,2016-05-04,242456,28,6OW166a2ExOx1XDunvnlP6,spotify:track:6OW166a2ExOx1XDunvnlP6,2024-06-06T22:24:13Z
WOKE UP,XG,WOKE UP,2024-05-21,188010,77,4keuUM29CtIWgsPRzRhXoW,spotify:track:4keuUM29CtIWgsPRzRhXoW,2024-05-30T19:55:23Z
Beautiful Night,Beast,Midnight Sun,2012-07-22,218566,47,3NlzcNh6rPwP0FAVXgt8rG,spotify:track:3NlzcNh6rPwP0FAVXgt8rG,2024-05-29T23:46:30Z
Fiction,Beast,Fiction And Fact,2011-05-17,234586,56,69QlYqNJeZG14R4an2aoJv,spotify:track:69QlYqNJeZG14R4an2aoJv,2024-05-28T02:05:20Z
Bam Yang Gang,BIBI,Bam Yang Gang,2024-02-13,146197,68,5juCu4WFTFRZ2XilopAMTy,spotify:track:5juCu4WFTFRZ2XilopAMTy,2024-05-24T00:06:12Z
Only one for me,BTOB,THIS IS US,2018-06-18,226560,48,4vxK5XbTTDNNKYbPDmZZC3,spotify:track:4vxK5XbTTDNNKYbPDmZZC3,2024-05-20T15:00:56Z
Pray (I'll be your man),BTOB,NEW MEN,2016-11-07,219917,53,1wpshV27JxfmAApoclaNAh,spotify:track:1wpshV27JxfmAApoclaNAh,2024-05-20T14:49:54Z
Missing You,BTOB,Brother Act.,2017-10-16,236829,58,2zlgwqw8BLX2JGB76LIFeF,spotify:track:2zlgwqw8BLX2JGB76LIFeF,2024-05-20T14:44:35Z
B-list,CHANMINA,Naked,2023-04-26,196746,41,1jLzRJ9f5RqutGKb7vxV3P,spotify:track:1jLzRJ9f5RqutGKb7vxV3P,2024-05-20T02:50:35Z
Flyday Chinatown by Yasuha,MesmoLate,Flyday Chinatown by Yasuha,2020-12-05,205139,0,5N6lcz1UZJVaX2gFjREz5c,spotify:track:5N6lcz1UZJVaX2gFjREz5c,2024-05-15T19:13:46Z
Run To You,DJ DOC,Best Album,2014-03-01,227120,3,5HpO1zvwMsOwWLCTyUXPvH,spotify:track:5HpO1zvwMsOwWLCTyUXPvH,2024-05-03T13:26:59Z
MUKANJYO,Survive Said The Prophet,MUKANJYO,2019-08-02,192400,61,4MTgIH5OZQHAbdBWgbKSAb,spotify:track:4MTgIH5OZQHAbdBWgbKSAb,2024-04-13T21:06:55Z
シルエット,KANA-BOON,TIME,2015-01-21,240133,71,1di1C0QI6Y92yZPYn6XYAZ,spotify:track:1di1C0QI6Y92yZPYn6XYAZ,2024-04-13T21:06:21Z
KARATE,BABYMETAL,METAL RESISTANCE,2016-04-01,263173,54,2A4wfplwsIXUUD3UVirWDd,spotify:track:2A4wfplwsIXUUD3UVirWDd,2024-04-13T21:05:51Z
Guess Who Is Back,Kumi Koda,DNA,2018-08-22,206066,53,4lBliLm5ufCBNPlCzpvrQB,spotify:track:4lBliLm5ufCBNPlCzpvrQB,2024-04-13T21:01:50Z
PAiNT it BLACK,BiSH,PAiNT it BLACK,2018-01-19,230431,52,4S3aU06ISAWFb0hIdZ4WL8,spotify:track:4S3aU06ISAWFb0hIdZ4WL8,2024-04-13T21:01:20Z
PERSON.,Cö shu Nie,asphyxia,2018-06-01,235466,29,7l2pOZ1PkBLWWMe65OlRso,spotify:track:7l2pOZ1PkBLWWMe65OlRso,2024-04-13T20:56:58Z
Hanezeve Caradhina,Kevin Penkin,MADE IN ABYSS ORIGINAL SOUNDTRACK,2017-09-27,201253,46,3R558vzNPUNRHHlmu5FFBD,spotify:track:3R558vzNPUNRHHlmu5FFBD,2024-04-13T20:54:13Z
The First Layer,Kevin Penkin,MADE IN ABYSS ORIGINAL SOUNDTRACK,2017-09-27,117986,47,2b1GDOd80efEoOadEvJqEr,spotify:track:2b1GDOd80efEoOadEvJqEr,2024-04-13T20:53:39Z
裸の勇者,Vaundy,裸の勇者,2022-01-07,201973,60,3k64vNcgYPkETG7TNgpW4o,spotify:track:3k64vNcgYPkETG7TNgpW4o,2024-04-13T20:48:29Z
aLIEz,SawanoHiroyuki[nZk],o1,2015-09-09,268480,52,0w0LzMyUvgRYqYehX77UE7,spotify:track:0w0LzMyUvgRYqYehX77UE7,2024-04-13T20:47:06Z
Let Me Hear,"Fear, and Loathing in Las Vegas",Feeling of Unity,2015-09-30,223626,59,1llkMtLL4vbe0pr3NV2ckg,spotify:track:1llkMtLL4vbe0pr3NV2ckg,2024-04-13T20:43:27Z
Ref:rain,Aimer,Penny Rain,2019-04-09,289986,55,6MNY72T605kPIOH3hnioxu,spotify:track:6MNY72T605kPIOH3hnioxu,2024-04-13T20:43:20Z
시작,Gaho,ITAEWON CLASS (Original Television Soundtrack) Pt.2,2020-02-01,202440,62,5TeDIQrpwWtLWaFfzLH0hh,spotify:track:5TeDIQrpwWtLWaFfzLH0hh,2024-04-10T18:36:25Z
梅田ナイトフィーバー19' - From THE FIRST TAKE,梅田サイファー,梅田ナイトフィーバー19' - From THE FIRST TAKE,2021-10-13,362098,41,5g9ie4IcY8P7M00VcWRq9C,spotify:track:5g9ie4IcY8P7M00VcWRq9C,2024-04-07T23:51:22Z
Gohotekitobikatanosusume,Creepy Nuts,INDIES COMPLETE,2018-07-25,240328,49,0cLUVjdaZAdouPRhXMTC1h,spotify:track:0cLUVjdaZAdouPRhXMTC1h,2024-04-07T20:16:56Z
Bling-Bang-Bang-Born,Creepy Nuts,Bling-Bang-Bang-Born,2024-01-07,168135,81,0kdqcbwei4MDWFEX5f33yG,spotify:track:0kdqcbwei4MDWFEX5f33yG,2024-04-07T03:31:44Z
BIJIN,CHANMINA,BIJIN,2021-03-19,158621,35,4lX99xEjKmioWNxH9H3nEt,spotify:track:4lX99xEjKmioWNxH9H3nEt,2024-04-06T22:15:31Z
アガリサガリ,SPICY CHOCOLATE,アガリサガリ,2023-08-04,233000,41,2pc0PX5CFHbOijrK4wm4gb,spotify:track:2pc0PX5CFHbOijrK4wm4gb,2024-04-06T21:38:12Z
新・合法的トビ方ノススメ,Creepy Nuts,クリープ・ショー,2018-04-11,244120,38,0EzeFzwg9tlqJ20rSYe8x8,spotify:track:0EzeFzwg9tlqJ20rSYe8x8,2024-04-06T21:25:24Z
Oddloop,frederic,oddloop,2014-09-24,255293,57,5hQll2t2rfpVARhVjDVOYJ,spotify:track:5hQll2t2rfpVARhVjDVOYJ,2024-04-01T11:34:00Z
Growl,EXO,The 1st Album 'XOXO' (Repackage),2013-08-05,207053,62,4pi0Elz7B7cLfw37J3bYm9,spotify:track:4pi0Elz7B7cLfw37J3bYm9,2024-03-30T02:05:59Z
My Dearest,supercell,My Dearest,2011-11-23,338520,55,5HhYHpxwdGTCO5YK7dycoT,spotify:track:5HhYHpxwdGTCO5YK7dycoT,2024-03-04T23:12:23Z
夜に駆ける,YOASOBI,夜に駆ける,2019-12-15,261013,69,3dPtXHP0oXQ4HCWHsOA9js,spotify:track:3dPtXHP0oXQ4HCWHsOA9js,2024-03-02T23:13:46Z
Baby Don't Cry - 安室奈美恵 (Cover),巴田みず希 mizuki TOMODA,A woman sings,2021-07-24,295738,0,0CF02XXgzoiRHRi9eUJQbs,spotify:track:0CF02XXgzoiRHRi9eUJQbs,2024-03-01T21:56:49Z
All The Stars (with SZA),Kendrick Lamar,Black Panther The Album Music From And Inspired By,2018-02-09,232186,86,3GCdLUSnKSMJhs4Tj6CV3s,spotify:track:3GCdLUSnKSMJhs4Tj6CV3s,2024-02-28T23:59:45Z
EASY,LE SSERAFIM,EASY,2024-02-19,164545,79,2O4Bb2WCkjlTPO827OnBMI,spotify:track:2O4Bb2WCkjlTPO827OnBMI,2024-02-24T20:31:40Z
Love wins all,IU,Love wins all,2024-01-24,271080,70,0djkJ3iAARXRCbfbwwVc3o,spotify:track:0djkJ3iAARXRCbfbwwVc3o,2024-02-07T22:28:48Z
Kirari,Fujii Kaze,LOVE ALL SERVE ALL,2022-03-23,227893,49,7nhXN2H8h3i2PaHPXb6FO3,spotify:track:7nhXN2H8h3i2PaHPXb6FO3,2024-01-09T16:06:57Z
ヒトヒラのハナビラ,Stereopony,ハイド.ランジアが咲いている,2009-06-17,213826,45,48unUqNPkVVLtYHQLArPN6,spotify:track:48unUqNPkVVLtYHQLArPN6,2023-12-25T20:52:40Z
PAPERMOON,Tommy heavenly6,PAPERMOON,2008-12-10,262546,55,44LzijoPl4qNVJV6pYmzdS,spotify:track:44LzijoPl4qNVJV6pYmzdS,2023-12-23T07:12:45Z
火炎,QUEEN BEE,Fire (Full Edition),2019-01-30,215973,0,3xVCQGla5LLhrwqNS2FcHo,spotify:track:3xVCQGla5LLhrwqNS2FcHo,2023-12-23T07:10:20Z
Left & Right,SEVENTEEN,Heng:garæ,2020-06-22,201773,60,5QGooKayQPVZMUDc8Qt3Dm,spotify:track:5QGooKayQPVZMUDc8Qt3Dm,2023-11-28T03:20:58Z
그렇게 가슴은 뛴다,Gaho,Terius Behind Me Pt. 1 (Original Television Soundtrack),2018-10-03,252523,30,2K1WbIA5qTpnwnDC6EMHGA,spotify:track:2K1WbIA5qTpnwnDC6EMHGA,2023-11-26T20:45:49Z
Your eyes tell,BTS,MAP OF THE SOUL : 7 ~ THE JOURNEY ~,2020-07-14,245146,60,3TZ7NHkMT82AhwuYsd00Hz,spotify:track:3TZ7NHkMT82AhwuYsd00Hz,2023-11-26T04:49:33Z
I Don't Understand But I Luv U,SEVENTEEN,SEVENTEEN 10th Mini Album 'FML',2023-04-24,209800,65,3acGHJqr9xU1cnCEfLX1Lx,spotify:track:3acGHJqr9xU1cnCEfLX1Lx,2023-11-26T04:45:47Z
The Red Knot,Ahn Ye Eun,Ahn Ye Eun,2016-12-16,270866,34,4p0aRX6U77LV48n0tWvYoV,spotify:track:4p0aRX6U77LV48n0tWvYoV,2023-11-22T01:28:43Z
Lovin On Me,Jack Harlow,Lovin On Me,2023-11-10,138411,83,4xhsWYTOGcal8zt0J161CU,spotify:track:4xhsWYTOGcal8zt0J161CU,2023-11-17T18:56:39Z
呼吸のように,Vaundy,呼吸のように,2023-11-08,345139,41,5DDmuZWyW0lyz1NnJTU0z8,spotify:track:5DDmuZWyW0lyz1NnJTU0z8,2023-11-11T05:04:03Z
Spring Day,BTS,You Never Walk Alone,2017-02-13,274097,73,2j1fFjWHCI9KJSwcuYAOyF,spotify:track:2j1fFjWHCI9KJSwcuYAOyF,2023-11-09T23:08:36Z
Please Don't Change (feat. DJ Snake),Jung Kook,GOLDEN,2023-11-03,146684,74,0k0GtcnyQLMiXrdEDbLXmJ,spotify:track:0k0GtcnyQLMiXrdEDbLXmJ,2023-11-09T17:46:46Z
Somebody,Jung Kook,GOLDEN,2023-11-03,168599,74,5KfJvZ0PZzRdwFRaTUDAA7,spotify:track:5KfJvZ0PZzRdwFRaTUDAA7,2023-11-03T06:19:44Z
Standing Next to You,Jung Kook,GOLDEN,2023-11-03,206019,90,2KslE17cAJNHTsI2MI0jb2,spotify:track:2KslE17cAJNHTsI2MI0jb2,2023-11-03T06:12:49Z
girl (feat. BLOO),oceanfromtheblue,a-side: 90s kids never get old,2020-07-09,219221,45,3YRhajr2ECwLcCpONejGJF,spotify:track:3YRhajr2ECwLcCpONejGJF,2023-11-02T18:08:27Z
I Want That,(G)I-DLE,HEAT,2023-10-04,171666,55,3F2BLyGt6zYLrHYpbdTw5L,spotify:track:3F2BLyGt6zYLrHYpbdTw5L,2023-10-31T13:15:25Z
Perfect Night,LE SSERAFIM,Perfect Night,2023-10-27,159080,81,74X2u8JMVooG2QbjRxXwR8,spotify:track:74X2u8JMVooG2QbjRxXwR8,2023-10-28T00:00:41Z
Bad Boy,Red Velvet,The Perfect Red Velvet - The 2nd Album Repackage,2018-01-29,210817,68,5GKwq4sO5ZHKuWaDmdwMQc,spotify:track:5GKwq4sO5ZHKuWaDmdwMQc,2023-10-27T02:54:44Z
Megitsune,BABYMETAL,BABYMETAL,2015-05-11,247586,55,4pUNH4rWiabtBxj2UiGCKN,spotify:track:4pUNH4rWiabtBxj2UiGCKN,2023-10-13T20:15:12Z
You & Me,JENNIE,JENNIE Special Single [You & Me],2023-10-06,179164,70,6gcuJpHu0Ey30D5WR76y98,spotify:track:6gcuJpHu0Ey30D5WR76y98,2023-10-12T00:57:21Z
RED,The Rose,RED,2019-08-13,176466,60,1IguWzAOIxnmTZ7mqmKUwM,spotify:track:1IguWzAOIxnmTZ7mqmKUwM,2023-10-03T19:39:01Z
sorry,The Rose,Void,2018-04-16,215476,61,2mqN6WJawRJzT2X9T5bdYV,spotify:track:2mqN6WJawRJzT2X9T5bdYV,2023-10-03T19:38:58Z
3D (feat. Jack Harlow),Jung Kook,3D (feat. Jack Harlow),2023-09-29,201812,75,6ehWdR7cGDXnT7aKEASJxE,spotify:track:6ehWdR7cGDXnT7aKEASJxE,2023-09-29T14:54:29Z
No title,Reol,No title-,2016-03-18,243903,54,5pZVsZ8TOGly1KnYFmZ61B,spotify:track:5pZVsZ8TOGly1KnYFmZ61B,2023-09-29T00:18:52Z
The Weekend,88rising,The Weekend,2021-10-14,167661,11,5q3LwAHTqo9d3rET2EA9Nq,spotify:track:5q3LwAHTqo9d3rET2EA9Nq,2023-09-25T19:38:11Z
Back for More (with Anitta),TOMORROW X TOGETHER,Back for More (with Anitta),2023-09-15,131037,69,6uTPA1xlcsk6dbchB2dhzl,spotify:track:6uTPA1xlcsk6dbchB2dhzl,2023-09-22T14:31:57Z
Black Rover,VK Blanka,wizard,2018-11-21,209573,64,0OGw7V8wAI6OsZIQ12JkTP,spotify:track:0OGw7V8wAI6OsZIQ12JkTP,2023-09-17T20:43:31Z
Do not touch,MISAMO,Masterpiece,2023-07-26,185600,63,5gq7xM6eI16osBO2U581NL,spotify:track:5gq7xM6eI16osBO2U581NL,2023-09-10T04:27:02Z
Suzume (Suzume no Tojimari),ShiroNeko,Suzume (Suzume no Tojimari),2022-10-14,233862,43,7yVnlrdhT6NxtIE9cU5MH0,spotify:track:7yVnlrdhT6NxtIE9cU5MH0,2023-09-09T16:24:36Z
Reverse,CORSAK,Reverse,2018-07-27,192026,47,0BVRfqRHpYnXnv9t5yp9ai,spotify:track:0BVRfqRHpYnXnv9t5yp9ai,2023-09-09T16:22:27Z
玫瑰少年,Jolin Tsai,Ugly Beauty,2018-12-25,191718,53,2uHMTG5xr9Xk7MrXIWrVUH,spotify:track:2uHMTG5xr9Xk7MrXIWrVUH,2023-09-09T16:21:20Z
FIREWORK,&TEAM,First Howling : WE,2023-06-13,188013,49,5FWZ9epRluqJTzOnsayeo2,spotify:track:5FWZ9epRluqJTzOnsayeo2,2023-09-09T16:17:48Z
Birthday,TEN,Birthday - SM STATION : NCT LAB,2022-10-26,221693,56,2cbllYULJNYhcDK37Uh8hR,spotify:track:2cbllYULJNYhcDK37Uh8hR,2023-09-09T16:13:07Z
Dear My All,Mingginyu,Dear My All,2022-12-28,161250,52,2X71ww8wImSYbw4s0Mr2ur,spotify:track:2X71ww8wImSYbw4s0Mr2ur,2023-09-09T03:04:45Z
Still love you,LEE HONG GI,FNC LAB 'Still love you',2018-04-08,258131,56,0ih4PcU40uucAVEbD2486u,spotify:track:0ih4PcU40uucAVEbD2486u,2023-09-09T03:03:28Z
Destiny,Lee Sun Hee,puberty,2005-04-14,264560,37,2FPUCbxMXpyvQxORsq2zAD,spotify:track:2FPUCbxMXpyvQxORsq2zAD,2023-09-09T03:03:06Z
Moon Halo,Song Sohee,Moon Halo,2020-02-29,282053,26,5i9sIKnaZd6KYN3OFR61CS,spotify:track:5i9sIKnaZd6KYN3OFR61CS,2023-09-09T03:02:24Z
홍연 Drama Version,Ahn Ye Eun,Rebel: Thief Who Stole the People Yeeun Ahn Special (Original Television Soundtrack),2017-05-08,334812,1,7Goj3JYLcFB1Jsn9yj0DuK,spotify:track:7Goj3JYLcFB1Jsn9yj0DuK,2023-09-09T03:02:12Z
Shattered Pieces,BUMJIN,Shattered Pieces,2022-09-14,254240,26,5q5rpuAgvdFdNFAC51A1DN,spotify:track:5q5rpuAgvdFdNFAC51A1DN,2023-09-09T03:01:39Z
Con La Brisa,Foudeqush,Black Panther: Wakanda Forever - Music From and Inspired By,2022-11-11,167386,62,2LSsSV7V33wM9EKQA2xjGS,spotify:track:2LSsSV7V33wM9EKQA2xjGS,2023-09-09T02:29:49Z
Phase Me,WOOSUNG,MOTH,2022-05-13,154003,57,62DCFw57LAAX4CTrzmUCny,spotify:track:62DCFw57LAAX4CTrzmUCny,2023-09-09T02:22:48Z
Drunk-Dazed,ENHYPEN,BORDER : CARNIVAL,2021-04-26,193260,73,1wcr8DjnN59Awev8nnKpQ4,spotify:track:1wcr8DjnN59Awev8nnKpQ4,2023-09-09T02:20:53Z
Rollin' (Prod. GroovyRoom),GroovyRoom,Rollin',2022-10-06,189080,39,6QVwpPsJzIthRL5NIfs0Hc,spotify:track:6QVwpPsJzIthRL5NIfs0Hc,2023-09-09T02:11:32Z
Only Girl (In The World),Rihanna,Loud (Japan Version),2010-01-01,235493,84,2ENexcMEMsYk0rVJigVD3i,spotify:track:2ENexcMEMsYk0rVJigVD3i,2023-09-09T02:10:46Z
U can do it !,DOMINO,20!!!,2011-09-07,257252,41,4RCJYly0A1qlytafv4Ko6T,spotify:track:4RCJYly0A1qlytafv4Ko6T,2023-09-09T02:10:34Z
Akuma no Ko,Ai Higuchi,Saiaku Saiai,2022-03-02,229960,60,4pw7EuK2WTWGHI51jCKuGJ,spotify:track:4pw7EuK2WTWGHI51jCKuGJ,2023-09-07T21:02:40Z
Love Me Again,V,Layover,2023-08-11,182293,87,2N0SPREDYqILVEFSsWF5N5,spotify:track:2N0SPREDYqILVEFSsWF5N5,2023-08-13T02:49:55Z
Fast Forward,JEON SOMI,GAME PLAN,2023-08-07,160578,63,7jzOZuWgZ5gaMet9V5Ix1d,spotify:track:7jzOZuWgZ5gaMet9V5Ix1d,2023-08-09T13:27:45Z
Seven (feat. Latto) (Lofi Mix),Jung Kook,Seven (Weekend Ver.),2023-07-21,201253,45,0anAdKplcEJcshuFGZS3cN,spotify:track:0anAdKplcEJcshuFGZS3cN,2023-08-07T01:27:19Z
See You Again (feat. Kali Uchis),"Tyler, The Creator",Flower Boy,2017-07-21,180386,89,7KA4W4McWYRpgf0fWsJZWB,spotify:track:7KA4W4McWYRpgf0fWsJZWB,2023-08-06T21:23:16Z
Jericho,Iniko,Jericho,2023-04-15,158133,69,4ztdjZ2t7BVo5DLIFQBdJh,spotify:track:4ztdjZ2t7BVo5DLIFQBdJh,2023-07-31T04:35:13Z
Reset (feat. Jinsil),Tiger JK,"Who Are You : School 2015(Original Television Soundtrack), Pt. 1",2015-04-27,242952,56,1uJLYKtzCOhZI1zZW99W8I,spotify:track:1uJLYKtzCOhZI1zZW99W8I,2023-07-27T20:36:41Z
ETA,NewJeans,NewJeans 2nd EP 'Get Up',2023-07-21,151373,77,56v8WEnGzLByGsDAXDiv4d,spotify:track:56v8WEnGzLByGsDAXDiv4d,2023-07-21T18:31:06Z
Cool With You,NewJeans,NewJeans 2nd EP 'Get Up',2023-07-21,147880,74,02wk5BttM0QL38ERjLPQJB,spotify:track:02wk5BttM0QL38ERjLPQJB,2023-07-21T13:27:47Z
Seven (feat. Latto),Jung Kook,Seven (feat. Latto),2023-07-14,184160,78,5Avril3IZ26DPVFHbJX8o6,spotify:track:5Avril3IZ26DPVFHbJX8o6,2023-07-18T23:25:59Z
New Jeans,NewJeans,NewJeans 'Super Shy',2023-07-07,108986,77,6rdkCkjk6D12xRpdMXy0I2,spotify:track:6rdkCkjk6D12xRpdMXy0I2,2023-07-07T10:50:26Z
Burn Like A Star,Ahn Ye Eun,Burn Like A Star,2022-06-25,188253,37,0eB4NVRmmtO99SKfvBU56O,spotify:track:0eB4NVRmmtO99SKfvBU56O,2023-07-05T16:09:50Z
Light Saver,Ahn Ye Eun,The Crowned Clown Pt. 7 (Original Television Soundtrack),2019-02-25,216639,24,4KnJPYa06qxm5vOKkNh5mu,spotify:track:4KnJPYa06qxm5vOKkNh5mu,2023-07-05T11:37:07Z
My You,Jung Kook,My You,2022-06-13,165070,71,0pNFrM5L0te1EXGxveeYiR,spotify:track:0pNFrM5L0te1EXGxveeYiR,2023-07-03T14:06:38Z
Still With You,Jung Kook,Still With You,2020-06-05,239905,77,0eFMbKCRw8KByXyWBw8WO7,spotify:track:0eFMbKCRw8KByXyWBw8WO7,2023-07-03T12:38:51Z
상사화,Ahn Ye Eun,Rebel: Thief Who Stole the People (Original Television Soundtrack),2017-05-15,326768,0,0jrwfRBQ9YcK3u7hKhsUW7,spotify:track:0jrwfRBQ9YcK3u7hKhsUW7,2023-06-28T19:52:39Z
From the Rain (Feat. Ahn Ye Eun),HEIZE,HAPPEN,2021-05-20,164893,34,1rJjHutRgSOQ3kjiA5e8Wt,spotify:track:1rJjHutRgSOQ3kjiA5e8Wt,2023-06-28T18:13:35Z
CHANGGWI,Ahn Ye Eun,CHANGGWI,2021-08-01,202666,44,15OqAO7mTGP98dSylxy5J0,spotify:track:15OqAO7mTGP98dSylxy5J0,2023-06-28T18:13:09Z
Night Flower,Ahn Ye Eun,Night Flower OST,2021-08-28,264280,55,0CAWevK0VMgjnUas8aARLd,spotify:track:0CAWevK0VMgjnUas8aARLd,2023-06-28T17:57:45Z
If I See You Again,Oh Yeon Joon,The Crowned Clown Pt. 1 (Original Television Soundtrack),2019-01-14,239160,19,1XiLvmAdKlDHHY4yGvJQy7,spotify:track:1XiLvmAdKlDHHY4yGvJQy7,2023-06-27T14:39:54Z
Full Bloom,Ahn Ye Eun,Webtoon 'Return of the Blossoming Blade' Part.2 (Original Soundtrack),2022-11-23,247093,40,1eHEEbaK26MZKmGhqj6bBo,spotify:track:1eHEEbaK26MZKmGhqj6bBo,2023-06-27T04:01:21Z
"Am I Dreaming (Metro Boomin & A$AP Rocky, Roisee)",Metro Boomin,METRO BOOMIN PRESENTS SPIDER-MAN: ACROSS THE SPIDER-VERSE (SOUNDTRACK FROM AND INSPIRED BY THE MOTION PICTURE),2023-06-02,256026,76,6Ec5LeRzkisa5KJtwLfOoW,spotify:track:6Ec5LeRzkisa5KJtwLfOoW,2023-06-26T23:43:02Z
Ｗ●ＲＫ,ꉈꀧ꒒꒒ꁄꍈꍈꀧ꒦ꉈ ꉣꅔꎡꅔꁕꁄ,Ｗ●ＲＫ,2023-04-01,201073,22,1L50ymp25Vmu7VnPRx5TWf,spotify:track:1L50ymp25Vmu7VnPRx5TWf,2023-06-26T01:11:48Z
Let Me In,EXO,Let Me In,2023-06-12,197533,51,5e6hUjvQG2inD4Svco0PvP,spotify:track:5e6hUjvQG2inD4Svco0PvP,2023-06-23T00:10:17Z
Take Two,BTS,Take Two,2023-06-09,229953,71,5IAESfJjmOYu7cHyX557kz,spotify:track:5IAESfJjmOYu7cHyX557kz,2023-06-22T23:55:06Z
FREEDOM,JOOHONEY,LIGHTS,2023-05-22,211480,42,5UA91Wf0dAxnCPbFdJJv0a,spotify:track:5UA91Wf0dAxnCPbFdJJv0a,2023-06-20T18:36:30Z
BOUNCY (K-HOT CHILLI PEPPERS),ATEEZ,THE WORLD EP.2 : OUTLAW,2023-06-16,187310,70,5KyOUICJIvO0z71MBdPGiX,spotify:track:5KyOUICJIvO0z71MBdPGiX,2023-06-20T18:36:18Z
Movie Star,MIJOO,Movie Star,2023-05-17,188426,40,4W8ixcvNvwWW5cdYSNlsiz,spotify:track:4W8ixcvNvwWW5cdYSNlsiz,2023-06-17T11:09:53Z
Lovers In The Night,Seori,Lovers In The Night,2021-03-18,210546,3,2dX2W20qzwqM6G910woDKo,spotify:track:2dX2W20qzwqM6G910woDKo,2023-06-04T17:40:38Z
Call of Silence,Hiroyuki Sawano,"TV Anime ""Attack on Titan Season 2"" (Original Soundtrack)",2017-06-07,178213,61,7k1HoUdskuBhyWvm7hPctM,spotify:track:7k1HoUdskuBhyWvm7hPctM,2023-06-04T17:36:48Z
Generation,tripleS,Acid Angel from Asia <ACCESS>,2022-10-28,164186,37,1RHTdr5QfviCYI70QPPDJN,spotify:track:1RHTdr5QfviCYI70QPPDJN,2023-06-04T02:48:33Z
踊り子,Vaundy,踊り子,2021-11-17,230109,3,4xk70Qur2QeRmWIzWPC63V,spotify:track:4xk70Qur2QeRmWIzWPC63V,2023-06-03T19:05:37Z
I Really Want to Stay at Your House,Rosa Walton,"Cyberpunk 2077: Radio, Vol. 2 (Original Soundtrack)",2020-12-18,246652,74,7mykoq6R3BArsSpNDjFQTm,spotify:track:7mykoq6R3BArsSpNDjFQTm,2023-06-02T02:24:24Z
恋風邪にのせて,Vaundy,恋風邪にのせて,2022-03-07,255914,2,5PeXak0Ox3JmH2oor0qnGt,spotify:track:5PeXak0Ox3JmH2oor0qnGt,2023-06-01T03:02:57Z
Stay With Me,1nonly,Stay With Me,2020-10-11,141505,74,2WYs5LxOZfEyURXu7V0O1a,spotify:track:2WYs5LxOZfEyURXu7V0O1a,2023-05-26T17:20:32Z
"Eve, Psyche & The Bluebeard’s wife",LE SSERAFIM,UNFORGIVEN,2023-05-01,185538,73,4QhnNyKDsAkXPwHkSnuc89,spotify:track:4QhnNyKDsAkXPwHkSnuc89,2023-05-25T02:23:24Z
そんなbitterな話,Vaundy,そんなbitterな話,2023-03-13,276082,2,4QlSFkbRxZWkHDF1MqBaEY,spotify:track:4QlSFkbRxZWkHDF1MqBaEY,2023-05-24T17:17:26Z
NIGHT DANCER,imase,POP CUBE,2022-11-09,210600,71,3gmn76fCtpDazGMnN0QMHX,spotify:track:3gmn76fCtpDazGMnN0QMHX,2023-05-24T16:59:14Z
怪物,YOASOBI,怪物,2021-01-06,206000,66,06XQvnJb53SUYmlWIhUXUi,spotify:track:06XQvnJb53SUYmlWIhUXUi,2023-05-21T04:56:12Z
Queencard,(G)I-DLE,I feel,2023-05-15,161240,75,4uOBL4DDWWVx4RhYKlPbPC,spotify:track:4uOBL4DDWWVx4RhYKlPbPC,2023-05-19T00:53:12Z
Suzume,RADWIMPS,Suzume,2022-09-30,236390,67,7LHAKF7pBqHch8o6Yo0ad5,spotify:track:7LHAKF7pBqHch8o6Yo0ad5,2023-05-10T04:26:45Z
Super,SEVENTEEN,SEVENTEEN 10th Mini Album 'FML',2023-04-24,200386,69,3AOf6YEpxQ894FmrwI9k96,spotify:track:3AOf6YEpxQ894FmrwI9k96,2023-05-07T23:42:06Z
Shoong! (feat. LISA of BLACKPINK),TAEYANG,Down to Earth,2023-04-25,205101,65,5HrIcZOo1DysX53qDRlRnt,spotify:track:5HrIcZOo1DysX53qDRlRnt,2023-05-06T23:18:36Z
Illusion,aespa,Girls - The 2nd Mini Album,2022-07-08,195053,63,396FqjKmViUZ92Wmm4rx3i,spotify:track:396FqjKmViUZ92Wmm4rx3i,2023-05-03T02:03:15Z
Life's Too Short,aespa,Girls - The 2nd Mini Album,2022-07-08,178133,51,1uIN3VCVKzMXqF2A2Qlw5q,spotify:track:1uIN3VCVKzMXqF2A2Qlw5q,2023-05-03T01:55:29Z
Dreams Come True,aespa,Dreams Come True - SM STATION,2021-12-20,204933,60,6rVCUwfnuYTAsX4P9fIdIu,spotify:track:6rVCUwfnuYTAsX4P9fIdIu,2023-05-03T01:50:08Z
Welcome To MY World (feat. nævis),aespa,Welcome To MY World (feat. nævis),2023-05-02,206920,56,6qVqWJxIpsabUKBILG7d6N,spotify:track:6qVqWJxIpsabUKBILG7d6N,2023-05-03T01:46:14Z
Smoke Sprite (feat. RM of BTS),So!YoON!,Episode1 : Love,2023-03-14,242200,63,5YSkDxmHvzSDWTu4MaEtfa,spotify:track:5YSkDxmHvzSDWTu4MaEtfa,2023-05-02T02:38:59Z
メフィスト,QUEEN BEE,メフィスト,2023-04-20,227320,64,45LUKiex0D78VuhP3Oz6mG,spotify:track:45LUKiex0D78VuhP3Oz6mG,2023-04-28T01:39:36Z
アイドル,YOASOBI,アイドル,2023-04-12,213233,74,7ovUcF5uHTBRzUpB6ZOmvt,spotify:track:7ovUcF5uHTBRzUpB6ZOmvt,2023-04-28T01:27:33Z
ボイスメモ No. 5,CHANMINA,ボイスメモ No. 5,2020-01-17,163040,50,07uivRw9i8NFjQbxZQu6g7,spotify:track:07uivRw9i8NFjQbxZQu6g7,2023-04-27T03:03:59Z
LONGINESS REMIX,SugLawd Familiar,LONGINESS REMIX,2022-12-16,254310,41,2ECrDpRYc2dV0xw0abViF8,spotify:track:2ECrDpRYc2dV0xw0abViF8,2023-04-24T04:22:31Z
倒數,G.E.M.,倒數,2018-08-10,229333,55,2HmM5p02Q2qrYZvXJRLVx3,spotify:track:2HmM5p02Q2qrYZvXJRLVx3,2023-04-19T21:33:56Z
Collide (Sped Up Remix),Justine Skye,Collide (Remix Pack),2022-04-19,221168,66,1r6qzxz77Tvbrvqd1Q1MIN,spotify:track:1r6qzxz77Tvbrvqd1Q1MIN,2023-04-19T19:34:16Z
Starfall - Honkai Impact 3rd Ost - Impressions,TIA RAY,Starfall (Honkai Impact 3rd Ost - Impressions),2020-02-28,191052,46,2fcgSnUoEvzDVxrQZMx0bu,spotify:track:2fcgSnUoEvzDVxrQZMx0bu,2023-04-17T21:03:43Z
Nightglow - 崩壞3印象曲,Tanya Chua,Nightglow (崩壞3印象曲),2018-12-19,183468,47,2orBsWiDd6DU46nacvAd6Y,spotify:track:2orBsWiDd6DU46nacvAd6Y,2023-04-17T20:59:32Z
No Scrubs,Unlike Pluto,No Scrubs,2017-07-14,201600,54,5diufoHZPKvTBMut2NLzbf,spotify:track:5diufoHZPKvTBMut2NLzbf,2023-04-11T19:06:39Z
Rover,KAI,Rover - The 3rd Mini Album,2023-03-13,174506,68,3WUyu94psXrYV6HZbXgcFA,spotify:track:3WUyu94psXrYV6HZbXgcFA,2023-04-11T02:57:29Z
Matsuri,Fujii Kaze,LOVE ALL SERVE ALL,2022-03-23,225920,67,7AMGgAPFczs3wJgMqu6Eqi,spotify:track:7AMGgAPFczs3wJgMqu6Eqi,2023-04-11T02:57:23Z
One Person,Solji,18 again Pt.4 (Original Television Soundtrack),2020-10-05,241106,0,5N8FOMfTIXef7K9Koy0IyW,spotify:track:5N8FOMfTIXef7K9Koy0IyW,2023-04-09T04:45:23Z
The Only One,SOYOU,18 again Pt.1 (Original Television Soundtrack),2020-09-22,242826,0,31lsnzxKTuzlnCZGeIclLa,spotify:track:31lsnzxKTuzlnCZGeIclLa,2023-04-09T03:28:57Z
FLOWER,JISOO,ME,2023-03-31,173134,69,69CrOS7vEHIrhC2ILyEi0s,spotify:track:69CrOS7vEHIrhC2ILyEi0s,2023-04-07T04:48:32Z
Kaikai Kitan (Jujutsu Kaisen),Nordex,Kaikai Kitan (Jujutsu Kaisen),2020-10-14,218507,0,12lg35hkyjlRLqRq96p9Hn,spotify:track:12lg35hkyjlRLqRq96p9Hn,2023-04-05T23:06:11Z
W / X / Y,Tani Yuuki,Memories,2021-12-08,278118,50,3cBghvTcQNDNkW98Y4eGaP,spotify:track:3cBghvTcQNDNkW98Y4eGaP,2023-04-05T20:13:33Z
Zero,NewJeans,Zero,2023-04-03,154194,65,5LMoKDVzW2kDneNu2UbspP,spotify:track:5LMoKDVzW2kDneNu2UbspP,2023-04-03T16:33:57Z
Love Me Like This,NMIXX,expérgo,2023-03-20,188718,0,3o3bRIOKDwGOdqL9HBUNrO,spotify:track:3o3bRIOKDwGOdqL9HBUNrO,2023-03-29T02:14:30Z
飛行船,Daichi Miura,球体,2018-07-11,338733,30,5yuAtEKiEwKbBHuWOsdhBT,spotify:track:5yuAtEKiEwKbBHuWOsdhBT,2023-03-29T02:13:05Z
One Last Kiss,Hikaru Utada,BADモード,2022-01-19,249904,58,6DaKMsQDmHMJbKYyU7AUFA,spotify:track:6DaKMsQDmHMJbKYyU7AUFA,2023-03-26T20:14:31Z
Like Crazy,Jimin,FACE,2023-03-24,212241,80,3Ua0m0YmEjrMi9XErKcNiR,spotify:track:3Ua0m0YmEjrMi9XErKcNiR,2023-03-26T02:35:30Z
POPPY - Japanese Ver.,STAYC,POPPY (Japanese Ver.),2022-11-23,179866,36,7aQOA3ggmKpjleEtabVYbI,spotify:track:7aQOA3ggmKpjleEtabVYbI,2023-03-15T21:18:50Z
Teddy Bear,STAYC,Teddy Bear,2023-02-14,189773,58,4kSDi21MeOoSvpZs6MveI9,spotify:track:4kSDi21MeOoSvpZs6MveI9,2023-03-15T21:12:00Z
LAST GAME,Zwei,LAST GAME(TVアニメ「シュタインズ・ゲート ゼロ」EDテーマ),2018-04-25,284240,36,3rc1WzRiLAdIth63pyr1SI,spotify:track:3rc1WzRiLAdIth63pyr1SI,2023-03-13T03:44:10Z
Hacking to the Gate,Everfrost,Hacking to the Gate,2022-10-14,277387,0,3nlswLGwQ5iDAqhSpHQxvK,spotify:track:3nlswLGwQ5iDAqhSpHQxvK,2023-03-13T03:19:10Z
First Love,Hikaru Utada,First Love,1999-03-10,257293,69,39HrUxcvKF3jtLz7fUDWXc,spotify:track:39HrUxcvKF3jtLz7fUDWXc,2023-03-10T02:58:59Z
BTBT,B.I,BTBT,2022-05-13,219549,63,4XcxgZSriCYamtIA7BgT7V,spotify:track:4XcxgZSriCYamtIA7BgT7V,2023-03-07T23:16:41Z
Impurities,LE SSERAFIM,ANTIFRAGILE,2022-10-17,196365,61,7F0MuIk5glqtowCUjbn9es,spotify:track:7F0MuIk5glqtowCUjbn9es,2023-03-07T05:42:50Z
SHOOT!,ITZY,GUESS WHO,2021-04-30,139213,58,2xeaHUnzzT5Kc974OQt1kA,spotify:track:2xeaHUnzzT5Kc974OQt1kA,2023-03-07T05:21:13Z
DUN DUN,EVERGLOW,reminiscence,2020-02-03,192280,63,3ejAkJLWQSEJDqDXxK3efB,spotify:track:3ejAkJLWQSEJDqDXxK3efB,2023-03-07T05:18:02Z
After School,Weeekly,We play,2021-03-17,205373,64,52CBUrIdyf8tbZaUY9iawE,spotify:track:52CBUrIdyf8tbZaUY9iawE,2023-03-07T05:16:44Z
on the street (with J. Cole),j-hope,on the street (with J. Cole),2023-03-03,214701,66,5wxYxygyHpbgv0EXZuqb9V,spotify:track:5wxYxygyHpbgv0EXZuqb9V,2023-03-03T14:55:25Z
Jump,BTS,Skool Luv Affair,2014-02-12,236488,0,22gGBmp8JqlymbXQvAUlYX,spotify:track:22gGBmp8JqlymbXQvAUlYX,2023-02-22T04:21:34Z
Tomorrow,BTS,Skool Luv Affair,2014-02-12,261574,0,1n99s09TM651WSXOMxyoHF,spotify:track:1n99s09TM651WSXOMxyoHF,2023-02-22T04:21:31Z
Dímelo,KARD,KARD 3rd Mini Album 'RIDE ON THE WIND',2018-07-25,201900,38,0EAUxlC7jGzCUkRcn9ydLF,spotify:track:0EAUxlC7jGzCUkRcn9ydLF,2023-02-22T04:21:00Z
IDOL,BTS,Love Yourself 結 'Answer',2018-08-24,222732,70,1e8J3XClxZbFmvIHLI8CE4,spotify:track:1e8J3XClxZbFmvIHLI8CE4,2023-02-22T04:20:35Z
Silver Spoon,BTS,The Most Beautiful Moment in Life Pt.2,2015-11-30,233160,65,6O734u9qnz6B4gWMyszWhi,spotify:track:6O734u9qnz6B4gWMyszWhi,2023-02-22T04:20:08Z
War of Hormone,BTS,Dark & Wild,2014-08-20,265602,60,29SjtKzBoJDgyIBusHylIS,spotify:track:29SjtKzBoJDgyIBusHylIS,2023-02-22T04:20:01Z
N.O,BTS,"O!RUL8,2?",2013-09-11,209751,59,7JosxtkCqIQieNWXA2Dj3v,spotify:track:7JosxtkCqIQieNWXA2Dj3v,2023-02-20T02:42:19Z
Run,BTS,The Most Beautiful Moment in Life Pt.2,2015-11-30,236748,65,3G1aAxWS2Nd17FQs4PWV6X,spotify:track:3G1aAxWS2Nd17FQs4PWV6X,2023-02-20T02:41:46Z
I Need U,BTS,The Most Beautiful Moment in Life Pt.1,2015-04-29,210986,69,3wQnyXNFXNUEOBt1pb4urq,spotify:track:3wQnyXNFXNUEOBt1pb4urq,2023-02-20T02:41:43Z
We Are Bulletproof Pt.2,BTS,2 Cool 4 Skool,2013-06-12,223933,60,5pjHS3EpHurMyIpB2QBnEd,spotify:track:5pjHS3EpHurMyIpB2QBnEd,2023-02-20T02:41:34Z
SHOOTING STAR,XG,SHOOTING STAR,2023-01-25,203556,70,3IelG5zYpWWCZIH4cqWlPV,spotify:track:3IelG5zYpWWCZIH4cqWlPV,2023-02-18T02:26:28Z
Bad,Christopher,Bad,2018-04-13,190371,50,6L2TOTO0JjlVuKBnIuWcVY,spotify:track:6L2TOTO0JjlVuKBnIuWcVY,2023-02-16T02:37:08Z
Blue Flame - Japanese ver.,LE SSERAFIM,FEARLESS,2023-01-24,201280,43,6FnZShD1O17bZa9emuXLXh,spotify:track:6FnZShD1O17bZa9emuXLXh,2023-02-02T22:21:37Z
No more perfume on you,TEEN TOP,ROMAN,2011-07-26,210677,42,3UFnHBPaPkZhe04IqqlUcn,spotify:track:3UFnHBPaPkZhe04IqqlUcn,2023-02-01T07:00:32Z
KISS OF DEATH（Produced by HYDE）,Mika Nakashima,Yuki No Hana 15th Anniversary Best Bible,2019-01-30,248426,0,0ekGJQiqn1DzeZ3w5AsBoH,spotify:track:0ekGJQiqn1DzeZ3w5AsBoH,2023-01-29T07:48:10Z
Requiem,Tasogare,Rest & Recover 003,2020-12-28,224900,37,5Bopcl6UEcAwJqFOGagI8C,spotify:track:5Bopcl6UEcAwJqFOGagI8C,2023-01-29T07:46:20Z
Choices,LE SSERAFIM,Choices,2023-01-08,201026,52,0THn1agoZT9wJXkITUz6dJ,spotify:track:0THn1agoZT9wJXkITUz6dJ,2023-01-20T19:05:20Z
Lemon,Kenshi Yonezu,STRAY SHEEP,2020-08-05,255826,0,4rvtqOGyTPZJwWtVTNdZbu,spotify:track:4rvtqOGyTPZJwWtVTNdZbu,2023-01-18T20:57:59Z
I ≠ DOLL,HUH YUNJIN,I ≠ DOLL,2023-01-09,150269,57,1d6xaY4JvvqTWfgCeJAtWa,spotify:track:1d6xaY4JvvqTWfgCeJAtWa,2023-01-18T16:30:07Z
Stamp On It,GOT the beat,Stamp On It - The 1st Mini Album,2023-01-16,232813,55,0mlxHb4jbPr1PUBUv0WHRS,spotify:track:0mlxHb4jbPr1PUBUv0WHRS,2023-01-18T16:26:06Z
Fly Up (Feat. Door) - Concert Version,Hwang Chang young,LOOKISM (Original Soundtrack from the Netflix Series),2022-12-07,228464,51,0M55V4n7l0ULeYP64IcjX7,spotify:track:0M55V4n7l0ULeYP64IcjX7,2023-01-18T16:25:25Z
Suzume,RADWIMPS,Suzume (Motion Picture Soundtrack),2022-11-10,238560,66,1n1y2kFPISpF9WGD3JaFo5,spotify:track:1n1y2kFPISpF9WGD3JaFo5,2023-01-16T09:06:50Z
FAKEit,SawanoHiroyuki[nZk],FAKEit,2023-01-01,174106,43,2Fo6g5hxRpaR2rvrw8nhMi,spotify:track:2Fo6g5hxRpaR2rvrw8nhMi,2023-01-16T08:57:06Z
星のクズ α,Salyu,星のクズ α,2023-01-13,303627,33,5MU5Ut06m3owitzqy5Bmvf,spotify:track:5MU5Ut06m3owitzqy5Bmvf,2023-01-16T08:26:10Z
VIBE (feat. Jimin of BTS),TAEYANG,VIBE (feat. Jimin of BTS),2023-01-13,175775,56,61AZsmFB3VoJdmraMk5ZSn,spotify:track:61AZsmFB3VoJdmraMk5ZSn,2023-01-14T22:00:45Z
OMG,NewJeans,NewJeans 'OMG',2023-01-02,212253,79,65FftemJ1DbbZ45DUfHJXE,spotify:track:65FftemJ1DbbZ45DUfHJXE,2023-01-02T13:08:41Z
Ditto,NewJeans,Ditto,2022-12-19,185506,78,3r8RuvgbX9s7ammBn07D3W,spotify:track:3r8RuvgbX9s7ammBn07D3W,2022-12-19T14:08:37Z
Suivre le soleil,Vanille,Amazona,2019-06-07,158680,63,3ej9CjmXF3FvJDmWP0us2m,spotify:track:3ej9CjmXF3FvJDmWP0us2m,2022-12-18T00:36:12Z
Wonderland,iri,Shade,2019-03-06,224786,53,3DMz5XiVasCKSHXgYrSc9i,spotify:track:3DMz5XiVasCKSHXgYrSc9i,2022-12-13T14:41:36Z
全部アナタのせいなんだ,I Don't Like Mondays.,Black Humor,2021-08-18,229844,33,5BszJzEzZccZGQLEvZ5LKN,spotify:track:5BszJzEzZccZGQLEvZ5LKN,2022-12-13T14:37:50Z
炎,LiSA,炎,2020-10-12,275000,61,0cSkn2l67csUljEy0EEBPn,spotify:track:0cSkn2l67csUljEy0EEBPn,2022-12-12T15:40:12Z
Navigator (The Millionaire Detective Balance: Unlimited),Miura Jam,Navigator (The Millionaire Detective Balance: Unlimited),2020-12-11,242346,32,0vbwRo3MMsQ7WnASJv1Yd4,spotify:track:0vbwRo3MMsQ7WnASJv1Yd4,2022-12-12T03:59:10Z
Tokyo Flash - TEMPLIME Remix,Vaundy,Tokyo Flash - TEMPLIME Remix,2020-11-03,258950,0,4TiHHP3QSFOPKC9sQpexnm,spotify:track:4TiHHP3QSFOPKC9sQpexnm,2022-12-12T03:51:53Z
トウキョウ・シャンディ・ランデヴ,MAISONdes,トウキョウ・シャンディ・ランデヴ,2022-10-21,184766,56,2MmgGuQzr0kkiA04lMdPXW,spotify:track:2MmgGuQzr0kkiA04lMdPXW,2022-12-12T03:48:54Z
Subtitle,OFFICIAL HIGE DANDISM,Subtitle,2022-10-12,305509,48,4zrKPIygugUDKGFEjVwpSB,spotify:track:4zrKPIygugUDKGFEjVwpSB,2022-12-12T03:44:32Z
再会 (produced by Ayase),LiSA,再会 (produced by Ayase),2020-11-16,242166,58,52IsIvHidofM9JMjw78Jyz,spotify:track:52IsIvHidofM9JMjw78Jyz,2022-12-12T03:36:44Z
紅蓮華,LiSA,LEO-NiNE,2020-10-14,237586,73,0qMip0B2D4ePEjBJvAtYre,spotify:track:0qMip0B2D4ePEjBJvAtYre,2022-12-12T03:34:38Z
crossing field,LiSA,LANDSPACE,2013-10-30,248946,67,4BvuZVf9KyBN3QiPfeI9hw,spotify:track:4BvuZVf9KyBN3QiPfeI9hw,2022-12-12T03:25:36Z
Rooftop,N.Flying,FLY HIGH PROJECT #2 'Rooftop',2019-01-02,210652,54,2LwH6T39A5IODRgPv9XitR,spotify:track:2LwH6T39A5IODRgPv9XitR,2022-12-12T03:25:20Z
"Blue Bird (From ""Naruto Shippuden"")",Akano,"Blue Bird (From ""Naruto Shippuden"")",2020-12-22,100200,58,1bEnIDpwKsyhDauHVoMz6t,spotify:track:1bEnIDpwKsyhDauHVoMz6t,2022-12-12T03:24:50Z
紅蓮華,LiSA,紅蓮華,2019-07-03,238586,54,0nUKU6e9COOCgO5tAUtlST,spotify:track:0nUKU6e9COOCgO5tAUtlST,2022-12-12T03:17:59Z
This game,Konomi Suzuki,LIFE of DASH,2017-12-20,284080,53,3COSRKvFPnpnnorNF4oaMf,spotify:track:3COSRKvFPnpnnorNF4oaMf,2022-12-12T02:46:45Z
unlasting,LiSA,LEO-NiNE,2020-10-14,296813,55,3SlQVRQAgsc6ac6UBM9dIk,spotify:track:3SlQVRQAgsc6ac6UBM9dIk,2022-12-12T02:46:24Z
Christmas Drillings,Sidemen,Christmas Drillings,2022-12-05,192000,0,7oD6QZsaK3lrMWsmJnvuO0,spotify:track:7oD6QZsaK3lrMWsmJnvuO0,2022-12-06T01:34:59Z
DNA.,Kendrick Lamar,DAMN.,2017-04-14,185946,80,6HZILIRieu8S0iqY8kIKhj,spotify:track:6HZILIRieu8S0iqY8kIKhj,2022-12-05T06:11:41Z
HELLO,TREASURE,THE SECOND STEP : CHAPTER TWO,2022-10-04,181432,59,1ex8euBuzVyqjThnYfwY2k,spotify:track:1ex8euBuzVyqjThnYfwY2k,2022-12-02T18:43:06Z
HEYDAY (Prod. Czaer),Stray Kids,Street Man Fighter Original Vol.4 (Crew Songs),2022-09-20,144773,59,35sE2Ehvd1GzBzAIC0zFIu,spotify:track:35sE2Ehvd1GzBzAIC0zFIu,2022-12-02T04:36:52Z
KAZINO,BIBI,KAZINO,2020-04-29,185946,60,245onUPHGD1DYuiacxTuW0,spotify:track:245onUPHGD1DYuiacxTuW0,2022-11-30T22:08:03Z
Animal Farm,BIBI,Lowlife Princess: Noir,2022-11-17,203945,45,2JsO5Qfw4liRPjj26HXR13,spotify:track:2JsO5Qfw4liRPjj26HXR13,2022-11-30T22:08:01Z
LAW (Prod. Czaer),YOON MIRAE,Street Man Fighter Original Vol.3 (Mission by Rank),2022-09-06,189373,56,0VES0jpNQEdRpD31gYDIMe,spotify:track:0VES0jpNQEdRpD31gYDIMe,2022-11-30T22:07:59Z
Nirvana (feat. pH-1 & WDBZ),KANGDANIEL,The Story : RETOLD,2022-11-24,219293,36,36DcCSKGShF6p3h2JMcPDg,spotify:track:36DcCSKGShF6p3h2JMcPDg,2022-11-29T21:15:35Z
New thing (Prod. ZICO) (Feat. Homies),ZICO,Street Man Fighter Original Vol.3 (Mission by Rank),2022-09-06,147426,58,5mdWIwsJAzR97ShGkt8gcR,spotify:track:5mdWIwsJAzR97ShGkt8gcR,2022-11-29T21:07:39Z
BIBI Vengeance,BIBI,Lowlife Princess: Noir,2022-11-17,165135,68,0ra3bPUOj2YnY4FJHXtgHZ,spotify:track:0ra3bPUOj2YnY4FJHXtgHZ,2022-11-29T11:28:32Z
Nxde,(G)I-DLE,I love,2022-10-17,178453,70,6NnCWIWV740gP7DQ8kqdIE,spotify:track:6NnCWIWV740gP7DQ8kqdIE,2022-11-28T21:30:15Z
Forgive Me,BoA,Forgive Me - The 3rd Mini Album,2022-11-22,168346,39,4TXo3KpvdwHSdrPJlWDfgn,spotify:track:4TXo3KpvdwHSdrPJlWDfgn,2022-11-28T21:30:14Z
Keep me up,B.I,"Love or Loved, Pt. 1",2022-11-18,206659,50,1h3hfUrphvCzFNPCsglzp2,spotify:track:1h3hfUrphvCzFNPCsglzp2,2022-11-28T21:30:13Z
Toy,Netta,Toy,2018-05-23,180230,1,6n2eIfLj0wOOUkUfNmYzlh,spotify:track:6n2eIfLj0wOOUkUfNmYzlh,2022-11-20T16:05:28Z
The Eve,EXO,THE WAR - The 4th Album,2017-07-18,176026,63,2ujA6F1cpk3m8lsPE5aKua,spotify:track:2ujA6F1cpk3m8lsPE5aKua,2022-11-18T13:55:59Z
golden hour,JVKE,this is what ____ feels like (Vol. 1-4),2022-09-23,209259,78,5odlY52u43F5BjByhxg7wg,spotify:track:5odlY52u43F5BjByhxg7wg,2022-10-30T04:25:07Z
grace,Fujii Kaze,grace,2022-10-09,289541,61,7tnYsRepXLaNhqj4xtcWP2,spotify:track:7tnYsRepXLaNhqj4xtcWP2,2022-10-30T03:48:55Z
Shinunoga E-Wa,Fujii Kaze,HELP EVER HURT NEVER,2020-05-20,185573,77,0o9zmvc5f3EFApU52PPIyW,spotify:track:0o9zmvc5f3EFApU52PPIyW,2022-10-30T03:17:07Z
Boom Boom Pow,Black Eyed Peas,THE E.N.D. (THE ENERGY NEVER DIES),2009-01-01,251440,65,3opVsyWVYEAFK9bJAG8Opa,spotify:track:3opVsyWVYEAFK9bJAG8Opa,2022-10-24T19:54:47Z
GIRL LIKE ME,Black Eyed Peas,TRANSLATION,2020-11-02,222522,67,1zLBsSVxETQOfINOLYvT5m,spotify:track:1zLBsSVxETQOfINOLYvT5m,2022-10-24T19:54:45Z
RITMO (Bad Boys For Life),Black Eyed Peas,RITMO (Bad Boys For Life),2019-10-12,221714,69,6cy3ki60hLwimwIje7tALf,spotify:track:6cy3ki60hLwimwIje7tALf,2022-10-24T05:03:19Z
DICE,NMIXX,ENTWURF,2022-09-19,165746,1,1QpwvWMQGdOgA8MXXfgs4H,spotify:track:1QpwvWMQGdOgA8MXXfgs4H,2022-10-22T19:44:03Z
We All Lie,Hajin,"SKY Castle, Pt. 4 (Original Television Soundtrack)",2018-12-12,195764,0,1bbob5t8ar3CDUE6yRC5bd,spotify:track:1bbob5t8ar3CDUE6yRC5bd,2022-10-15T03:29:09Z
Bad Things (with Camila Cabello),mgk,bloom,2017-05-12,239293,70,1PSBzsahR2AKwLJgx8ehBj,spotify:track:1PSBzsahR2AKwLJgx8ehBj,2022-10-11T16:17:17Z
28 Reasons,SEULGI,28 Reasons - The 1st Mini Album,2022-10-04,189413,61,1dfsPqH09vnzUWEOsN98Ex,spotify:track:1dfsPqH09vnzUWEOsN98Ex,2022-10-06T02:29:57Z
Boy,Safira.K,Juvenile Justice (Original Soundtrack from The Netflix Series),2022-02-26,156396,29,5GobfOoLOohiWeaclHwpGV,spotify:track:5GobfOoLOohiWeaclHwpGV,2022-10-04T02:04:00Z
Until I Found You (with Em Beihold) - Em Beihold Version,Stephen Sanchez,Until I Found You (Em Beihold Version),2022-04-22,176440,83,1Y3LN4zO1Edc2EluIoSPJN,spotify:track:1Y3LN4zO1Edc2EluIoSPJN,2022-10-03T04:43:38Z
Shut Down,BLACKPINK,BORN PINK,2022-09-16,175889,70,6tCd8bPvYnceDG7W9M1RMk,spotify:track:6tCd8bPvYnceDG7W9M1RMk,2022-09-19T03:30:33Z
Hurt,NewJeans,NewJeans 1st EP 'New Jeans',2022-08-01,177946,73,5expoVGQPvXuwBBFuNGqBd,spotify:track:5expoVGQPvXuwBBFuNGqBd,2022-09-02T11:16:12Z
Cookie,NewJeans,NewJeans 1st EP 'New Jeans',2022-08-01,235562,72,2DwUdMJ5uxv20EhAildreg,spotify:track:2DwUdMJ5uxv20EhAildreg,2022-09-02T11:16:09Z
Attention,NewJeans,NewJeans 1st EP 'New Jeans',2022-08-01,180066,76,2pIUpMhHL6L9Z5lnKxJJr9,spotify:track:2pIUpMhHL6L9Z5lnKxJJr9,2022-09-02T11:16:08Z
Hype Boy,NewJeans,NewJeans 1st EP 'New Jeans',2022-08-01,179026,78,0a4MMyCrzT0En247IhqZbD,spotify:track:0a4MMyCrzT0En247IhqZbD,2022-09-02T11:16:06Z
I'll Miss You,Lim Ji Soo,Backstreet Rookie (Original Television Soundtrack) Special,2020-08-08,221560,14,0HoMOvNsPHmAHsOzr9PwWx,spotify:track:0HoMOvNsPHmAHsOzr9PwWx,2022-09-02T11:14:57Z
Missing Piece,Marika Takeuchi,Missing Piece,2020-05-05,245306,39,7dS7O9Fv4P4pnX1Xz1DhSR,spotify:track:7dS7O9Fv4P4pnX1Xz1DhSR,2022-08-19T11:18:28Z
CHEERS,SEVENTEEN,SEVENTEEN 4th Album Repackage 'SECTOR 17',2022-07-18,181466,63,1pdFdv8R6ezIAUUNkn785b,spotify:track:1pdFdv8R6ezIAUUNkn785b,2022-08-02T03:45:40Z
HOT,SEVENTEEN,SEVENTEEN 4th Album 'Face the Sun',2022-05-27,197586,71,6I2tqFhk8tq69iursYxuxd,spotify:track:6I2tqFhk8tq69iursYxuxd,2022-08-02T03:45:26Z
Crazy,APRIL,Backstreet Rookie (Original Television Soundtrack) Special,2020-08-08,228613,18,6nQXgnf0zhqdQsyqpq7lOQ,spotify:track:6nQXgnf0zhqdQsyqpq7lOQ,2022-07-23T00:40:14Z
Mango,SUPER JUNIOR,The Road : Keep on Going - The 11th Album Vol.1,2022-07-12,199213,43,1VJdjvyLMRUQ0HH8byGDZt,spotify:track:1VJdjvyLMRUQ0HH8byGDZt,2022-07-12T16:35:25Z
カワキヲアメク,美波,カワキヲアメク,2019-01-30,251933,16,1gUAX2ImxDsB3YDcyxMXlB,spotify:track:1gUAX2ImxDsB3YDcyxMXlB,2022-07-10T03:50:23Z
Your Existence,Wonstein,Twenty-Five Twenty-One OST Part 4,2022-02-26,204229,61,2tmX4T7ODY34NwvQ3DD3MC,spotify:track:2tmX4T7ODY34NwvQ3DD3MC,2022-07-08T14:13:03Z
Starlight,TAEIL,Twenty-Five Twenty-One OST Part 1,2022-02-13,225817,57,00Coyxt9mTec1acC52qtWa,spotify:track:00Coyxt9mTec1acC52qtWa,2022-07-08T04:28:11Z
Melted,AKMU,PLAY,2014-04-07,235555,41,2tYPFWrbGbsGKafe5pP64z,spotify:track:2tYPFWrbGbsGKafe5pP64z,2022-07-02T17:27:51Z
Once Again,Mad Clown,Descendants Of The Sun Pt.5 (Original Television Soundtrack),2016-03-17,235727,63,1qsjEmjRzXVsmC0oLitHzN,spotify:track:1qsjEmjRzXVsmC0oLitHzN,2022-06-29T02:59:24Z
RE-BYE,AKMU,SPRING,2016-05-04,188716,45,7pz1YzMwDxS9uuwAEp7MLk,spotify:track:7pz1YzMwDxS9uuwAEp7MLk,2022-06-28T16:32:33Z
Ring The Alarm,KARD,KARD 5th Mini Album 'Re:',2022-06-22,185053,53,6jUq2EfNMW7SizzNVVGvhm,spotify:track:6jUq2EfNMW7SizzNVVGvhm,2022-06-23T04:12:35Z
RED SUN (With LOTTE DEPARTMENT STORE),Brave Girls,RED SUN (With LOTTE DEPARTMENT STORE),2021-07-16,203093,0,3HIAlVUMAsg2WzSvxETFbi,spotify:track:3HIAlVUMAsg2WzSvxETFbi,2022-06-17T08:03:16Z
Run BTS,BTS,Proof,2022-06-10,204939,75,69xohKu8C1fsflYAiSNbwM,spotify:track:69xohKu8C1fsflYAiSNbwM,2022-06-12T15:33:05Z
心如止水,Ice Paper,成語接龍,2019-08-16,243750,0,3DHVIDFibApOrJ0DUaHj6C,spotify:track:3DHVIDFibApOrJ0DUaHj6C,2022-05-21T14:08:33Z
Life Goes On,BTS,BE,2020-11-20,207481,74,5FVbvttjEvQ8r2BgUcJgNg,spotify:track:5FVbvttjEvQ8r2BgUcJgNg,2022-05-14T09:43:37Z
LION,(G)I-DLE,I trust,2020-04-06,210973,61,40OyiVO9NtBg9R2Gpwxs3u,spotify:track:40OyiVO9NtBg9R2Gpwxs3u,2022-04-30T05:21:24Z
MY BAG,(G)I-DLE,I NEVER DIE,2022-03-14,160520,67,1t8sqIScEIP0B4bQzBuI2P,spotify:track:1t8sqIScEIP0B4bQzBuI2P,2022-04-29T14:26:35Z
WILDSIDE,Red Velvet,Bloom,2022-04-06,229520,48,4RmEqYXrb89Mlwzm2p6Wyd,spotify:track:4RmEqYXrb89Mlwzm2p6Wyd,2022-04-24T15:32:14Z
LOVE DIVE,IVE,LOVE DIVE,2022-04-05,177186,73,0Q5VnK2DYzRyfqQRJuUtvi,spotify:track:0Q5VnK2DYzRyfqQRJuUtvi,2022-04-06T05:26:23Z
Play,YUJU,[REC.],2022-01-18,201680,41,4zw0hc13H9fbzj2UpD6Rfu,spotify:track:4zw0hc13H9fbzj2UpD6Rfu,2022-04-05T19:25:56Z
不染,Sa Dingding,香蜜沉沉燼如霜 (電視劇原聲帶),2018-08-13,271792,41,1jTb3LYmpIOAyi1RPT9ZZy,spotify:track:1jTb3LYmpIOAyi1RPT9ZZy,2022-03-17T06:08:01Z
左手指月 (電視劇《香蜜沉沉燼如霜》片尾曲),Sa Dingding,左手指月 (電視劇《香蜜沉沉燼如霜》片尾曲),2018-03-19,230487,50,42EQCjMT4vvNN1Yov6rYX3,spotify:track:42EQCjMT4vvNN1Yov6rYX3,2022-03-11T16:56:53Z
Into The Abyss,SURAN,"Abyss, Pt. 1 (Original Television Soundtrack)",2019-05-14,182844,39,31F0xwMak6GG8b55FmjBUa,spotify:track:31F0xwMak6GG8b55FmjBUa,2022-03-04T03:09:23Z
E.T.,Katy Perry,Teenage Dream: The Complete Confection,2012-03-12,206373,68,4z8ssgZfs5TzKiO8HaGWXO,spotify:track:4z8ssgZfs5TzKiO8HaGWXO,2022-02-26T04:04:12Z
Way Back Home,SHAUN,Take,2018-06-27,214136,67,3NxuezMdSLgt4OwHzBoUhL,spotify:track:3NxuezMdSLgt4OwHzBoUhL,2022-02-23T16:10:35Z
RUN2U,STAYC,YOUNG-LUV.COM,2022-02-21,213426,60,3gFcGnU4kTdMYLXDjH1TK8,spotify:track:3gFcGnU4kTdMYLXDjH1TK8,2022-02-23T04:29:23Z
INVU,TAEYEON,INVU - The 3rd Album,2022-02-14,204973,63,7rXcCpIAoOUCydkVDMcoPV,spotify:track:7rXcCpIAoOUCydkVDMcoPV,2022-02-15T10:41:19Z
Stay Alive (Prod. SUGA of BTS),Jung Kook,Stay Alive (Prod. SUGA of BTS),2022-02-11,210928,69,7CAdT0HdiQNlt1C7xk2hep,spotify:track:7CAdT0HdiQNlt1C7xk2hep,2022-02-11T10:39:48Z
No Reason,Ryan.B,No Reason,2018-04-10,215497,65,7uwJwSKpmzZH7p7imm4f1P,spotify:track:7uwJwSKpmzZH7p7imm4f1P,2022-01-31T08:22:29Z
"Not Spring, Love, or Cherry Blossoms",HIGH4,"Not Spring, Love, or Cherry Blossoms",2014-04-08,195265,51,1IdM9JrXYuMYiTdM983oH4,spotify:track:1IdM9JrXYuMYiTdM983oH4,2022-01-31T08:18:45Z
HOLD ON,KARD,KARD 1st Single ‘Way With Words’,2020-08-26,201280,33,6riALfcgIDhyXxu0PJiWlv,spotify:track:6riALfcgIDhyXxu0PJiWlv,2022-01-24T11:41:27Z
Step Back,GOT the beat,Step Back,2022-01-03,228613,63,3LCwQoTrdQgHsGJE5gGVqx,spotify:track:3LCwQoTrdQgHsGJE5gGVqx,2022-01-03T15:44:30Z
Tokyo Ghoul Opening (Unravel),Yung Anime,Tokyo Ghoul Opening (Unravel),2019-12-29,236161,0,3mT02eyUNN7Kis4MaGqLtH,spotify:track:3mT02eyUNN7Kis4MaGqLtH,2021-12-28T04:58:18Z
芒种,音阙诗听,芒种,2019-06-06,216000,61,3IP4qSMfGeqI2XqHFf25sj,spotify:track:3IP4qSMfGeqI2XqHFf25sj,2021-12-27T05:34:49Z
Eastern Philosophers vs Western Philosophers,Epic Rap Battles of History,Epic Rap Battles of History - Season 4,2019-08-20,248377,25,47JxAFaFHbu64NzbfNVvlT,spotify:track:47JxAFaFHbu64NzbfNVvlT,2021-12-25T05:15:34Z
新呼吸,Daichi Miura,新呼吸,2021-12-08,218400,27,6AQfpBDkerfo3AWJUMr7ND,spotify:track:6AQfpBDkerfo3AWJUMr7ND,2021-12-24T08:50:57Z
サムライハート(Some Like It Hot!!),SPYAIR,Rockin' the World,2011-09-21,191493,60,5G0NPSOTLepHxUhEMlVjWj,spotify:track:5G0NPSOTLepHxUhEMlVjWj,2021-12-16T10:11:02Z
Rockin' the World,SPYAIR,Rockin' The World,2011-09-21,107080,0,3Li4M0gbJbDLI1F0g5oRXH,spotify:track:3Li4M0gbJbDLI1F0g5oRXH,2021-12-15T07:11:32Z
Boy with a star,HYUK,Boy with a star,2019-01-12,251280,26,4HGc7GRhYCH2bvtztU3Tez,spotify:track:4HGc7GRhYCH2bvtztU3Tez,2021-12-11T13:24:10Z
Everyday Normal Guy 2,Jon Lajoie,You Want Some of This?,2009-03-18,195693,72,2hhFpD32iXUd4GaCu6T4wn,spotify:track:2hhFpD32iXUd4GaCu6T4wn,2021-12-07T13:17:06Z
ELEVEN,IVE,ELEVEN,2021-12-01,178453,70,7n2FZQsaLb7ZRfRPfEeIvr,spotify:track:7n2FZQsaLb7ZRfRPfEeIvr,2021-12-06T13:57:01Z
Savage,aespa,Savage - The 1st Mini Album,2021-10-05,238143,72,3dbLT62Cvs46Ju7a8gpr36,spotify:track:3dbLT62Cvs46Ju7a8gpr36,2021-11-14T05:57:27Z
ONLY,LeeHi,4 ONLY,2021-09-09,240906,76,6TBJkXHPhu3EsMk1bshwuI,spotify:track:6TBJkXHPhu3EsMk1bshwuI,2021-11-09T06:20:15Z
GLASSY SKY,Yutaka Yamada,TVアニメ『東京喰種』ORIGINAL SOUNDTRACK,2015-03-25,294813,53,67ColSQSTMboSIc6Cw6p88,spotify:track:67ColSQSTMboSIc6Cw6p88,2021-10-31T05:14:07Z
The Feels,TWICE,The Feels,2021-10-01,198053,0,1XyzcGhmO7iUamSS94XfqY,spotify:track:1XyzcGhmO7iUamSS94XfqY,2021-10-31T04:56:44Z
asphyxia,Cö shu Nie,PURE,2019-12-11,174893,0,0apsgQi5yIbTMhm1wuvnQf,spotify:track:0apsgQi5yIbTMhm1wuvnQf,2021-10-30T14:33:16Z
Outro: Wings,BTS,You Never Walk Alone,2017-02-13,225446,0,1yEzWCIc2MUt9Fw1p25YUo,spotify:track:1yEzWCIc2MUt9Fw1p25YUo,2021-10-26T16:58:17Z
My Time,BTS,MAP OF THE SOUL : 7,2020-02-21,234457,0,4vTgx6h4seHvkuFh84JXYP,spotify:track:4vTgx6h4seHvkuFh84JXYP,2021-10-25T04:15:11Z
STEREOTYPE,STAYC,STEREOTYPE,2021-09-06,191695,61,2bZIDMpzVooosmPHn0tHnd,spotify:track:2bZIDMpzVooosmPHn0tHnd,2021-10-17T14:55:02Z
Cold Blooded,Jessi,Cold Blooded,2021-10-12,150053,57,34JfHOd0fcefm4FSPSrIhF,spotify:track:34JfHOd0fcefm4FSPSrIhF,2021-10-14T14:14:37Z
Coin,IU,IU 5th Album 'LILAC',2021-03-25,193080,52,7CZRguMolNqIobnXxpV735,spotify:track:7CZRguMolNqIobnXxpV735,2021-10-04T16:53:48Z
SWIPE,ITZY,CRAZY IN LOVE,2021-09-24,177893,0,5au5BF6e1TgZFrdoAz9p6x,spotify:track:5au5BF6e1TgZFrdoAz9p6x,2021-10-02T12:00:11Z
LILAC,IU,IU 5th Album 'LILAC',2021-03-25,214253,67,5xrtzzzikpG3BLbo4q1Yul,spotify:track:5xrtzzzikpG3BLbo4q1Yul,2021-09-30T03:47:38Z
My Universe,Coldplay,My Universe,2021-09-24,228000,75,3FeVmId7tL5YN8B7R3imoM,spotify:track:3FeVmId7tL5YN8B7R3imoM,2021-09-28T04:17:14Z
MONEY,LISA,LALISA,2021-09-10,168227,72,45OX2jjEw1l7lOFJfDP9fv,spotify:track:45OX2jjEw1l7lOFJfDP9fv,2021-09-22T06:52:44Z
Nightmares,Ellise,Can You Keep a Secret?,2018-10-12,144000,56,2f2hbFjim051DVx0o8o4rU,spotify:track:2f2hbFjim051DVx0o8o4rU,2021-09-10T10:44:26Z
No Scrubs,Unlike Pluto feat. Joanna Jones,No Scrubs,1999,201600,0,0C9g70hdhr7W3HCs3ITUYz,spotify:track:0C9g70hdhr7W3HCs3ITUYz,2021-09-10T10:41:44Z
HOLLYWOOD,Yoo Jae Seok,Running Man Fan Meeting : Project Running 9,2019-09-22,188826,24,0WM6mAyue2AS7TkO8sxTJw,spotify:track:0WM6mAyue2AS7TkO8sxTJw,2021-09-07T14:24:04Z
Let Me Hear,"Fear, and Loathing in Las Vegas",Feeling of Unity,2015-09-30,225546,2,5sqkarfxe7UejHTlCtHCLS,spotify:track:5sqkarfxe7UejHTlCtHCLS,2021-08-25T19:07:01Z
Queendom,Red Velvet,Queendom - The 6th Mini Album,2021-08-16,181760,64,6SpPr7K4YQ2wp8jU6uOTmQ,spotify:track:6SpPr7K4YQ2wp8jU6uOTmQ,2021-08-17T15:34:32Z
Be My Lover,Kim Jong Kook,Season Songs,2021-08-16,242062,44,3g4dzZWuPHGZs4xOXfDQik,spotify:track:3g4dzZWuPHGZs4xOXfDQik,2021-08-17T15:22:20Z
Love Talk - English Version,WayV,Love Talk (English Version),2019-11-05,232150,66,2e3cJdJ8xWwydl8JIYlCqB,spotify:track:2e3cJdJ8xWwydl8JIYlCqB,2021-08-06T11:41:56Z
Film out,BTS,Film out,2021-04-01,214620,62,3UHPGOkUcE4hE7sqBF4Snt,spotify:track:3UHPGOkUcE4hE7sqBF4Snt,2021-08-06T10:40:53Z
NAKKA (with IU),AKMU,NEXT EPISODE,2021-07-26,212807,52,4t2FIqZJORKZGSKg30SShr,spotify:track:4t2FIqZJORKZGSKg30SShr,2021-07-29T06:00:20Z
Mayonaka no Door / Stay With Me,Miki Matsubara,Miki Matsubara Best Collection,2008,312293,75,2BHj31ufdEqVK5CkYDp9mA,spotify:track:2BHj31ufdEqVK5CkYDp9mA,2021-07-29T06:00:09Z
Bad Habits,Ed Sheeran,Bad Habits,2021-06-25,231041,5,6PQ88X9TkUIAUIZJHW2upE,spotify:track:6PQ88X9TkUIAUIZJHW2upE,2021-07-11T05:51:35Z
Permission to Dance,BTS,Butter / Permission to Dance,2021-07-09,187585,0,0LThjFY2iTtNdd4wviwVV2,spotify:track:0LThjFY2iTtNdd4wviwVV2,2021-07-10T02:43:24Z
Make it,2PM,MUST,2021-06-28,179706,0,4EF941VzqGMLFnYlXH03hG,spotify:track:4EF941VzqGMLFnYlXH03hG,2021-07-10T02:35:30Z
Perfect Man,SHINHWA,Perfect Man - The 5th Album,2002-03-01,205000,53,115a4lQhDJGnu4QVSa8bUW,spotify:track:115a4lQhDJGnu4QVSa8bUW,2021-05-07T14:25:53Z
Talking to the Moon,Bruno Mars,Doo-Wops & Hooligans,2010-05-11,217866,81,161DnLWsx1i3u1JT05lzqU,spotify:track:161DnLWsx1i3u1JT05lzqU,2021-04-25T16:26:06Z
So What,BTS,Love Yourself 轉 'Tear',2018-05-18,281520,0,4CvId64YZSB0RfRdfzPIQU,spotify:track:4CvId64YZSB0RfRdfzPIQU,2021-04-21T06:03:19Z
Leave The Door Open,Bruno Mars,Leave The Door Open,2021-03-05,242096,8,7MAibcTli4IisCtbHKrGMh,spotify:track:7MAibcTli4IisCtbHKrGMh,2021-03-10T06:51:13Z
Blue & Grey,BTS,BE,2020-11-20,254950,0,0n2moJpAEWHwaPYYjkzMDl,spotify:track:0n2moJpAEWHwaPYYjkzMDl,2021-03-08T16:42:50Z
DON'T TOUCH ME,REFUND SISTERS,DON'T TOUCH ME,2020-10-10,223226,43,5WYW22IZkApppYwwJfZ7wC,spotify:track:5WYW22IZkApppYwwJfZ7wC,2021-02-03T13:44:38Z
2 Phút Hơn - KAIZ Remix,Pháo,2 Phút Hơn (KAIZ Remix),2020-12-18,183832,58,4SUk1ZTtA6OC120afxrpRZ,spotify:track:4SUk1ZTtA6OC120afxrpRZ,2021-02-03T07:11:21Z
Fall Away,KIM BUMSOO,The Call Project No.2,2018-05-19,253026,0,7ddmG3PNQF11IHpw26Medb,spotify:track:7ddmG3PNQF11IHpw26Medb,2021-01-31T16:58:49Z
Fly Away,Shin Seung Hun,The Call Project No.1,2018-05-12,195353,0,5cTRCjFNj5r4q70E2umt1f,spotify:track:5cTRCjFNj5r4q70E2umt1f,2021-01-31T16:58:27Z
Call my name,Queen,The Call Project No.4,2018-06-22,191103,0,2ySrINOyEMiPNZ9aWmqFyI,spotify:track:2ySrINOyEMiPNZ9aWmqFyI,2021-01-31T16:57:47Z
Monologue,Kim Jong Kook,The Call Project No.1,2018-05-12,239515,0,3N8sn8jtJsYGaCItivVrPn,spotify:track:3N8sn8jtJsYGaCItivVrPn,2021-01-31T16:57:23Z
Crying,SISTAR,Give It To Me,2013-06-11,203180,32,15aXeaq66qySkoZ3CR9df2,spotify:track:15aXeaq66qySkoZ3CR9df2,2021-01-21T08:31:41Z
Maria,HWASA,María,2020-06-29,199026,68,0ZeGfEAL5Rl4pd5LZBGuEK,spotify:track:0ZeGfEAL5Rl4pd5LZBGuEK,2021-01-21T06:48:15Z
NUNU NANA,Jessi,NUNA,2020-07-30,195836,0,4Bmk7JYOquhWmSMMW4WebM,spotify:track:4Bmk7JYOquhWmSMMW4WebM,2021-01-19T05:49:33Z
Hellovenus 5th Single `위글위글`,HELLOVENUS,Hellovenus 5th Single `위글위글`,2015-01-05,203821,0,3usNq12G6hzghfodcezACn,spotify:track:3usNq12G6hzghfodcezACn,2021-01-18T18:54:42Z
I Like That,SISTAR,INSANE LOVE,2016-06-21,221371,52,4wAjmojVxc6Wbeca9XvnDo,spotify:track:4wAjmojVxc6Wbeca9XvnDo,2021-01-18T18:36:42Z
BRING IT BACK,TWICE,Eyes Wide Open,2020-10-26,208133,44,2APCo1hwAaua9CslYXqALD,spotify:track:2APCo1hwAaua9CslYXqALD,2020-10-26T11:10:29Z
Woah (feat. D3Mstreet),KRYPTO9095,Woah (feat. D3Mstreet),2019-03-29,123373,50,5lN7UtvhpwEHzifSjKw3z2,spotify:track:5lN7UtvhpwEHzifSjKw3z2,2020-10-20T10:43:51Z
Numb,Linkin Park,Meteora,2003-09-16,187520,85,2nLtzopw4rPReszdYBJU6h,spotify:track:2nLtzopw4rPReszdYBJU6h,2020-09-18T10:25:40Z
Killa Killa (feat. Aiyana Lee),KSI,Dissimulation (Deluxe Edition),2020-05-25,151594,14,0uhotx2XvU4Spct15LZFUS,spotify:track:0uhotx2XvU4Spct15LZFUS,2020-06-03T03:56:00Z
Gangnam Style (강남스타일),PSY,Gangnam Style (강남스타일),2012-01-01,219493,73,03UrZgTINDqvnUMbbIMhql,spotify:track:03UrZgTINDqvnUMbbIMhql,2020-05-28T04:35:47Z
Will - Remix,Joyner Lucas,Will (Remix),2020-05-15,164475,51,6WI33r2QRxyxttn3KH0XkC,spotify:track:6WI33r2QRxyxttn3KH0XkC,2020-05-17T08:13:15Z
Tears,So Chanwhee,나는가수다 시즌3 8회 '다시 부르는 나의 노래',2015-03-20,289518,0,7vxXOTJxBWRXMrxbiFS1cX,spotify:track:7vxXOTJxBWRXMrxbiFS1cX,2020-04-25T10:57:24Z
Epiphany,BTS,Love Yourself 結 'Answer',2018-08-24,240361,0,7L8hkKW4hnemNfuOfEZcle,spotify:track:7L8hkKW4hnemNfuOfEZcle,2020-04-23T10:01:43Z
Blueberry Faygo,Lil Mosey,Certified Hitmaker,2020-02-06,162546,73,22LAwLoDA5b4AaGSkg6bKW,spotify:track:22LAwLoDA5b4AaGSkg6bKW,2020-03-06T16:46:49Z
ily (i love you baby) (feat. Emilee),Surf Mesa,ily (i love you baby) (feat. Emilee),2019-11-26,176546,75,62aP9fBQKYKxi7PDXwcUAS,spotify:track:62aP9fBQKYKxi7PDXwcUAS,2020-03-06T16:31:31Z
Moral of the Story,Ashe,Moral of the Story,2019-02-14,201083,71,2nC3QhMI9reBIOWutbU3Tj,spotify:track:2nC3QhMI9reBIOWutbU3Tj,2020-03-06T16:24:13Z
instagram,DEAN,instagram,2017-12-26,255728,62,6z1kLsntE7FuzKZHZWrXYN,spotify:track:6z1kLsntE7FuzKZHZWrXYN,2020-03-02T03:15:49Z
It Wasn't Me,Shaggy,Hot Shot,2000-08-08,227600,78,3WkibOpDF7cQ5xntM1epyf,spotify:track:3WkibOpDF7cQ5xntM1epyf,2020-02-24T16:17:00Z
ON,BTS,MAP OF THE SOUL : 7,2020-02-21,246380,0,2QyuXBcV1LJ2rq01KhreMF,spotify:track:2QyuXBcV1LJ2rq01KhreMF,2020-02-24T03:00:32Z
Natalina,Toddy Smith,Natalina,2020-02-14,142908,34,6kXRxtfp7GfittuiOISi5x,spotify:track:6kXRxtfp7GfittuiOISi5x,2020-02-23T14:52:19Z
Lemon,Kenshi Yonezu,Lemon,2018-03-14,256105,0,35KlorpQ6LQVVslvlcu1gN,spotify:track:35KlorpQ6LQVVslvlcu1gN,2020-02-11T16:31:03Z
きみの名前,藤川千愛,ライカ (Special Edition),2019-05-05,301000,45,5BbCTsFpRotDXwfdvnw6DI,spotify:track:5BbCTsFpRotDXwfdvnw6DI,2020-02-11T16:28:51Z
Chica,CHUNG HA,Flourishing,2019-06-24,192484,0,6wV0zmb3delVInoCiWdEdZ,spotify:track:6wV0zmb3delVInoCiWdEdZ,2020-02-09T17:36:06Z
You Don't Love Me,Spica,You Don't Love Me,2014-01-27,234951,0,1cEWbU3vjy9UpVYVGbpMH9,spotify:track:1cEWbU3vjy9UpVYVGbpMH9,2020-01-29T09:07:26Z
Black Swan,BTS,Black Swan,2020-01-17,198260,0,24NuEDgyRIljwSyY0lsr7b,spotify:track:24NuEDgyRIljwSyY0lsr7b,2020-01-19T11:50:53Z
Humph!,PENTAGON,SUM(ME:R),2019-07-17,192613,44,0m3W71Oliiv3gQWXi2YAmJ,spotify:track:0m3W71Oliiv3gQWXi2YAmJ,2020-01-09T06:49:04Z
Psycho,Red Velvet,‘The ReVe Festival’ Finale,2019-12-23,210560,70,3CYH422oy1cZNoo0GTG1TK,spotify:track:3CYH422oy1cZNoo0GTG1TK,2020-01-09T06:45:17Z
Prologue,美波,カワキヲアメク,2019-01-30,330666,2,71DjRXqiEUcTC1vCToaHem,spotify:track:71DjRXqiEUcTC1vCToaHem,2020-01-08T14:24:03Z
Trap,HENRY,Trap - The 1st Album,2013-06-07,225386,51,6oHUMXEKpnXOrs13VoGsuF,spotify:track:6oHUMXEKpnXOrs13VoGsuF,2020-01-04T17:34:04Z
It's You,HENRY,당신이 잠든 사이에 Pt. 2 Original Television Soundtrack,2017-10-04,231642,0,3hm4axDodp2jFEDohQfXxV,spotify:track:3hm4axDodp2jFEDohQfXxV,2020-01-04T17:33:33Z
Snapping,CHUNG HA,Flourishing,2019-06-24,213164,0,7JCi89HGiURxFpr6NITY7q,spotify:track:7JCi89HGiURxFpr6NITY7q,2020-01-02T10:46:25Z
Please don’t…,K.Will,The 3rd Album Part.1,2012-10-11,212976,56,5dh87xGcp4YqDFBc86Mh47,spotify:track:5dh87xGcp4YqDFBc86Mh47,2019-12-31T19:31:53Z
Re:Re: (2016 Version),ASIAN KUNG-FU GENERATION,Sol-Fa (2016 Rerecorded Version),2016-12-09,326960,0,4eSSRTR5guMgoLaB4YmFwi,spotify:track:4eSSRTR5guMgoLaB4YmFwi,2019-12-23T11:04:45Z
Heaven,AILEE,Heaven,2012-02-09,211330,0,5raBru10U4qA2zexhixC4D,spotify:track:5raBru10U4qA2zexhixC4D,2019-12-11T05:09:16Z
Melted,AKMU,PLAY,2014-04-07,235555,0,0fXl8VsWUiIdJN0YDGey24,spotify:track:0fXl8VsWUiIdJN0YDGey24,2019-12-10T12:29:23Z
DINOSAUR,AKMU,SUMMER EPISODE,2017-07-20,240571,0,3UMjZ9bAT1AnpcWD4aKyP8,spotify:track:3UMjZ9bAT1AnpcWD4aKyP8,2019-12-10T10:46:11Z
RE-BYE,AKMU,SPRING,2016-05-04,188716,0,1VrUu8hMTMslRSjsDpSJKc,spotify:track:1VrUu8hMTMslRSjsDpSJKc,2019-12-10T10:42:02Z
Vainko,Brodha V,Vainko,2019-11-27,173211,0,3iR1ccsuUbskQansNH5NLj,spotify:track:3iR1ccsuUbskQansNH5NLj,2019-12-08T15:24:41Z
BTS Cypher 4,BTS,Wings,2016-10-10,294463,0,1QWxddJmOhQb1vDdyTipMR,spotify:track:1QWxddJmOhQb1vDdyTipMR,2019-12-07T11:32:46Z
BTS Cypher Pt.2: Triptych,BTS,Skool Luv Affair,2014-02-12,288771,0,5XQjspYTlLobTIWdWjJ3Jj,spotify:track:5XQjspYTlLobTIWdWjJ3Jj,2019-12-07T11:32:45Z
BTS Cypher Pt.1,BTS,"O!RUL8,2?",2013-09-11,131192,0,0do2tFk8lqFdNL2TYAlslN,spotify:track:0do2tFk8lqFdNL2TYAlslN,2019-12-07T11:32:43Z
BTS Cypher Pt.3: Killer,BTS,Dark & Wild,2014-08-20,267782,0,2kyht6yYIHLianPBFxx7Mt,spotify:track:2kyht6yYIHLianPBFxx7Mt,2019-12-07T11:32:35Z
hot girl bummer,blackbear,hot girl bummer,2019-08-23,185093,1,7aiClxsDWFRQ0Kzk5KI5ku,spotify:track:7aiClxsDWFRQ0Kzk5KI5ku,2019-12-07T10:32:26Z
Round And Round,HEIZE,"Guardian (Original Television Soundtrack), Pt. 14",2017-01-21,201658,57,3vAncbML0jhNrp63DKhsCo,spotify:track:3vAncbML0jhNrp63DKhsCo,2019-12-03T10:54:43Z
Don't Wanna Cry,SEVENTEEN,SEVENTEEN 4th Mini Album ‘Al1’,2017-05-22,203426,63,6Upu6yjkdi0DVI8E3IBZEU,spotify:track:6Upu6yjkdi0DVI8E3IBZEU,2019-12-03T10:39:46Z
My Pace,Stray Kids,I am WHO,2018-08-06,189325,0,339xlPKDLkEkFBFkMfAFfJ,spotify:track:339xlPKDLkEkFBFkMfAFfJ,2019-12-03T10:39:36Z
Violeta,IZ*ONE,HEART*IZ,2019-04-01,200913,0,0ahbzg4GCq3wJzUM3cjS3N,spotify:track:0ahbzg4GCq3wJzUM3cjS3N,2019-12-03T10:26:04Z
BABY,The Rose,Void,2018-04-16,173599,0,1WvAdtjJOBv0pAR5yKr2ov,spotify:track:1WvAdtjJOBv0pAR5yKr2ov,2019-12-02T03:04:10Z
Shoot Me,DAY6,"Shoot Me : Youth, Part. 1",2018-06-26,175836,0,3cl6BsTDeeGRbgug5TXrvg,spotify:track:3cl6BsTDeeGRbgug5TXrvg,2019-12-02T03:00:07Z
Feel It Still,Portugal. The Man,Hits & Stars 2018,2018-06-14,163250,0,32t3EEpnOcLVB04Qma0kTi,spotify:track:32t3EEpnOcLVB04Qma0kTi,2019-11-19T07:42:32Z
Lalala,Y2K,Lalala,2019-06-28,160626,71,51Fjme0JiitpyXKuyQiCDo,spotify:track:51Fjme0JiitpyXKuyQiCDo,2019-10-25T12:16:58Z
ここにいる,Aiobahn,ここにいる,2019-08-16,249523,31,5V2YUEGpeBT5OeZO8XfN58,spotify:track:5V2YUEGpeBT5OeZO8XfN58,2019-10-23T02:45:33Z
Calling Out to You,Slushii,Calling Out to You,2019-10-04,197158,0,02OKG0Jj2fqhvmMYUnl6Kn,spotify:track:02OKG0Jj2fqhvmMYUnl6Kn,2019-10-23T02:32:04Z
Beerus,KSI,Beerus,2018-12-14,211200,31,1mDx89BXGy2myLpJ5tDZtx,spotify:track:1mDx89BXGy2myLpJ5tDZtx,2019-10-15T07:14:26Z
Jopping,SuperM,SuperM - The 1st Mini Album,2019-10-04,251293,57,5WrEilrRI5cIW0DxMvQYPZ,spotify:track:5WrEilrRI5cIW0DxMvQYPZ,2019-10-05T13:36:04Z
Why So Lonely,Wonder Girls,Why So Lonely,2016-07-05,206706,0,3mKK73NhylzXdHV4qZGxI4,spotify:track:3mKK73NhylzXdHV4qZGxI4,2019-10-01T11:31:08Z
MUKANJYO,Survive Said The Prophet,MUKANJYO,2019-08-02,192400,0,1OkAWnUN7nQkWAUsGRW7Xw,spotify:track:1OkAWnUN7nQkWAUsGRW7Xw,2019-09-28T08:41:40Z
Fireworks,EDEN,Fireworks,2018-10-31,230404,0,3rF2f0xYN7FqPl2rRJkbsn,spotify:track:3rF2f0xYN7FqPl2rRJkbsn,2019-09-11T12:53:02Z
All I Wanna Do (feat. Hoody & 로꼬 Loco) [Korean Version],Jay Park,Everything You Wanted,2016-10-20,216786,0,6jLsYKGOBRBRvdowIzuyUf,spotify:track:6jLsYKGOBRBRvdowIzuyUf,2019-09-11T12:48:57Z
Joga O Bum Bum Tam Tam,MC Fioti,Joga O Bum Bum Tam Tam,2017-02-08,155454,60,30GqVivI3eb7OgonUemcjf,spotify:track:30GqVivI3eb7OgonUemcjf,2019-09-05T15:48:09Z
S.O.S d'un terrien en détresse,Dimash Qudaibergen,Грешная страсть,2019-02-03,246543,52,5PJEi2dbSm2iQalWiV7NjZ,spotify:track:5PJEi2dbSm2iQalWiV7NjZ,2019-08-29T03:29:20Z
Monster,EXO,EX'ACT,2016-06-09,221341,63,7GbUWl6qLW1gdngbEV2WDJ,spotify:track:7GbUWl6qLW1gdngbEV2WDJ,2019-08-24T02:06:20Z
BiSBiS,BiS,Brand-new Idol Society2,2016-11-16,263066,0,3IQhsS360VGIpaVDU5Mhey,spotify:track:3IQhsS360VGIpaVDU5Mhey,2019-08-22T10:35:24Z
ナナナナナイロ,Perfume,ナナナナナイロ,2019-07-06,287386,14,216L9CmF1AtSFB0QEHvDHw,spotify:track:216L9CmF1AtSFB0QEHvDHw,2019-08-22T10:23:51Z
Crack On My Screen (Prod. By Minit) (Feat. Paloalto),GIRIBOY,Science Fiction Music : End,2018-11-24,230649,13,655cjpA2Q8IIxkBRArkNlq,spotify:track:655cjpA2Q8IIxkBRArkNlq,2019-08-22T10:19:24Z
Not over,Gaho,The Last Empress Pt. 2 (Original Television Soundtrack),2018-12-06,207356,0,112U7WH7tSAG47oXLHSGSY,spotify:track:112U7WH7tSAG47oXLHSGSY,2019-08-15T10:06:09Z
X (Feat. LEE HI),CODE KUNST,MUGGLES' MANSION,2017-02-28,311677,39,2oUallb0gAqnNnfGbM4qvT,spotify:track:2oUallb0gAqnNnfGbM4qvT,2019-08-15T09:50:41Z
L.I.E,EXID,Street,2016-06-01,211100,46,4c1cUu1PFDX1YB6JDvG8vf,spotify:track:4c1cUu1PFDX1YB6JDvG8vf,2019-08-11T17:38:47Z
Only U,Junggigo,Uncontrollably Fond OST Volume 1,2016-07-29,192403,22,7mDQdi3HIRnAiU1CasaDFH,spotify:track:7mDQdi3HIRnAiU1CasaDFH,2019-08-09T04:20:07Z
Who Are You,Sam Kim,"Guardian (Original Television Soundtrack), Pt. 6",2016-12-25,255463,52,7Jo5oEViT27zCkdRI5hEuG,spotify:track:7Jo5oEViT27zCkdRI5hEuG,2019-08-09T04:19:35Z
Finding Differences,Kisum,Uncontrollably Fond OST Volume 1,2016-07-29,193320,19,3jPWbnaQpmexFYyVSvuVrZ,spotify:track:3jPWbnaQpmexFYyVSvuVrZ,2019-08-09T04:04:33Z
FAKE LOVE,BTS,Love Yourself 轉 'Tear',2018-05-18,242333,1,3aW0ds4A4tSQDIp75FqWTo,spotify:track:3aW0ds4A4tSQDIp75FqWTo,2019-07-31T09:56:42Z
Blood Sweat & Tears,BTS,Wings,2016-10-10,217051,0,5RGf8qn1TBWVplLyyKUsuV,spotify:track:5RGf8qn1TBWVplLyyKUsuV,2019-07-31T09:55:48Z
Rollin’,Brave Girls,Rollin’,2017-03-07,197710,0,3e90xWe4zk3p8fDlQJRgUK,spotify:track:3e90xWe4zk3p8fDlQJRgUK,2019-07-30T04:22:23Z
Zulu Screams (feat. Maleek Berry & Bibi Bourelly),GoldLink,Zulu Screams (feat. Maleek Berry & Bibi Bourelly),2019-05-13,177567,32,4ITftSVpf4XkYoDqqpWjBX,spotify:track:4ITftSVpf4XkYoDqqpWjBX,2019-07-25T13:09:30Z
I will show you,AILEE,Invitation,2012-10-16,232333,0,2MYfUH4Zo7gphaxmMVDrie,spotify:track:2MYfUH4Zo7gphaxmMVDrie,2019-07-20T09:56:27Z
XI (feat. Lee Hi),CODE KUNST,XI,2019-01-08,223108,34,70VFb3TxSRMgtVS0zh7Irx,spotify:track:70VFb3TxSRMgtVS0zh7Irx,2019-07-20T09:35:08Z
Stay Here,Gaho,Stay Here,2018-05-03,228615,45,20mZ4O5ztRZltdvLEJbi4z,spotify:track:20mZ4O5ztRZltdvLEJbi4z,2019-07-20T09:24:52Z
Cactus,Jang Jane,Cactus,2019-06-05,214346,33,6iLgcK64cgkctviVp6ne9i,spotify:track:6iLgcK64cgkctviVp6ne9i,2019-07-20T09:15:32Z
A Brand New Day (BTS World Original Soundtrack) [Pt. 2],BTS,A Brand New Day (BTS World Original Soundtrack) [Pt. 2],2019-06-14,205019,0,5XkyZyKMdFungjDb9cUKc3,spotify:track:5XkyZyKMdFungjDb9cUKc3,2019-07-20T08:56:33Z
What You Waiting For,"R.Tee, Anda",What You Waiting For,2019-03-06,174041,0,4uLmKWOb8hl49MYYAc4bnn,spotify:track:4uLmKWOb8hl49MYYAc4bnn,2019-07-20T08:55:17Z
Is There Still Anything That Love Can Do?,RADWIMPS,Weathering With You,2019-07-19,414466,53,56pvqFKGXPjubh5eY6sOlv,spotify:track:56pvqFKGXPjubh5eY6sOlv,2019-07-19T19:30:45Z
Deepened,Brave Girls,Deepened,2016-02-16,193653,0,2z5BsSuiLSBGidcH9B1CZE,spotify:track:2z5BsSuiLSBGidcH9B1CZE,2019-07-17T08:50:21Z
Whatever,Brave Girls,HIGH HEELS,2016-06-27,212218,0,2GSEAYXSb7XSeIQdz0OtcC,spotify:track:2GSEAYXSb7XSeIQdz0OtcC,2019-07-17T08:44:36Z
Lip & Hip,HyunA,Lip & Hip,2017-12-04,209746,51,5C2d3tz8WACjmw7T6TthQ2,spotify:track:5C2d3tz8WACjmw7T6TthQ2,2019-07-17T08:40:30Z
달리,HYOLYN,달리,2018-04-23,203000,0,21jActlsyXzkKDkN3LK6G7,spotify:track:21jActlsyXzkKDkN3LK6G7,2019-07-17T08:38:28Z
Don't Look Down (feat. Usher),Martin Garrix,Don't Look Down (feat. Usher),2015-03-17,223139,62,5M9jOReAKGZ2AttVefFjTY,spotify:track:5M9jOReAKGZ2AttVefFjTY,2019-07-13T18:28:16Z
Roll the Dice,KSI,New Age,2019-04-12,163200,29,49VNaZmTsmjCVfI31OIaAS,spotify:track:49VNaZmTsmjCVfI31OIaAS,2019-07-13T07:54:06Z
Real Name,KSI,New Age,2019-04-12,176842,32,3JDLEkyVTDKyJLy5CNMTaB,spotify:track:3JDLEkyVTDKyJLy5CNMTaB,2019-07-13T07:51:19Z
The Truth Untold,BTS,Love Yourself 轉 'Tear',2018-05-18,242292,0,48XfojJC87VKLlUotYV0Gm,spotify:track:48XfojJC87VKLlUotYV0Gm,2019-07-13T07:48:00Z
Find U Again (feat. Camila Cabello),Mark Ronson,Late Night Feelings,2019-06-21,176416,48,5Uw7Dut2lZfexn3Y09swpf,spotify:track:5Uw7Dut2lZfexn3Y09swpf,2019-07-13T07:45:38Z
Ransom,Lil Tecca,Ransom,2019-06-04,131280,0,1kBbgxAUc4HQv7cgIayIDH,spotify:track:1kBbgxAUc4HQv7cgIayIDH,2019-07-13T07:43:03Z
BIRTHDAY,JEON SOMI,BIRTHDAY,2019-06-13,185796,0,3jsWXhE5NuPWQ4IHplv2zt,spotify:track:3jsWXhE5NuPWQ4IHplv2zt,2019-07-13T07:37:48Z
I Will Go To You Like the First Snow,AILEE,"Guardian (Original Television Soundtrack), Pt. 9",2017-01-07,229678,64,2BPXILn0MqOe5WroVXlvN1,spotify:track:2BPXILn0MqOe5WroVXlvN1,2019-07-09T10:52:51Z
Nothing Breaks Like a Heart (feat. Miley Cyrus),Mark Ronson,Nothing Breaks Like a Heart (feat. Miley Cyrus),2018-11-30,217466,70,27rdGxbavYJeBphck5MZAF,spotify:track:27rdGxbavYJeBphck5MZAF,2019-07-07T10:44:56Z
When I Fall In Love 사랑에 빠졌을 때,BOL4,Full Album RED PLANET,2016-08-29,230525,0,1sqd3qplkbxnIx3KDCnTHR,spotify:track:1sqd3qplkbxnIx3KDCnTHR,2019-07-06T17:49:07Z
Galaxy 우주를 줄게,BOL4,Full Album RED PLANET,2016-08-29,213853,0,6T3Mlx5fr71sm0u1YDAb4R,spotify:track:6T3Mlx5fr71sm0u1YDAb4R,2019-07-06T11:18:22Z
Some,BOL4,Red Diary Page.1,2017-09-27,181373,0,3mmLyEhphJAaW7hyEXAD8l,spotify:track:3mmLyEhphJAaW7hyEXAD8l,2019-07-06T09:36:13Z
Mama,EXO-K,Mama (The 1st Mini Album),2012-04-09,270452,0,0h6wNxwKqle9va4isnnBXn,spotify:track:0h6wNxwKqle9va4isnnBXn,2019-07-02T16:28:07Z
Lights,BTS,Lights/Boy With Luv,2019-07-03,292773,55,44vXWYTcdrejrIQZEoHzl8,spotify:track:44vXWYTcdrejrIQZEoHzl8,2019-07-02T16:26:53Z
Heartbeat (BTS World Original Soundtrack),BTS,BTS WORLD (Original Soundtrack),2019-06-28,253303,1,5EgYDyMDCi8X0zDydTF7Rb,spotify:track:5EgYDyMDCi8X0zDydTF7Rb,2019-07-02T16:26:31Z
Uh-Oh,(G)I-DLE,Uh-Oh,2019-06-26,207600,57,1OBb2wZMXKNmtdyyejLIyL,spotify:track:1OBb2wZMXKNmtdyyejLIyL,2019-07-02T16:25:11Z
Waiting for the Rain,Hernori Tori,Waiting for the Rain,2019-01-07,247710,0,6hzR2OsY8YxmfA13HOxrrg,spotify:track:6hzR2OsY8YxmfA13HOxrrg,2019-06-22T11:43:56Z
katharsis,TK from Ling tosite sigure,Katharsis,2018-11-21,262226,0,0PnrdoLqdpScsUTYd06Zb8,spotify:track:0PnrdoLqdpScsUTYd06Zb8,2019-06-15T19:28:02Z
In the Shadows,The Rasmus,Dead Letters,2003-03-24,257920,70,1fr92Vupmcs2vgLMFVQ7rd,spotify:track:1fr92Vupmcs2vgLMFVQ7rd,2019-06-15T18:11:55Z
A-E-U-I,THE ORAL CIGARETTES,FIXION,2016-01-05,237546,40,7Aheu473SQ437ZkhFmOg7i,spotify:track:7Aheu473SQ437ZkhFmOg7i,2019-06-15T17:47:45Z
Bon Bon Chocolat,EVERGLOW,ARRIVAL OF EVERGLOW,2019-03-18,228682,0,06Pvy98db25O7wlfFFFIRM,spotify:track:06Pvy98db25O7wlfFFFIRM,2019-06-11T17:04:45Z
%%(Eung Eung),Apink,PERCENT,2019-01-07,208104,49,4SpQDJz1JiRT2mHxvyqN9K,spotify:track:4SpQDJz1JiRT2mHxvyqN9K,2019-06-08T16:44:43Z
Dream Glow (BTS World Original Soundtrack) - Pt. 1,BTS,Dream Glow (BTS World Original Soundtrack) [Pt. 1],2019-06-07,187457,0,4c1WgUnHXq2LEncGHKgj1I,spotify:track:4c1WgUnHXq2LEncGHKgj1I,2019-06-08T08:30:50Z
Senpai (feat. Hentai Dude),Shiki-TMNS,Senpai (feat. Hentai Dude),2017-09-08,172564,54,0f0qeeE4JTRQpjj4fLUqsa,spotify:track:0f0qeeE4JTRQpjj4fLUqsa,2019-06-08T05:30:19Z
Te Boté - Remix,Nio Garcia,Te Boté (Remix),2018-04-13,417920,73,3V8UKqhEK5zBkBb6d6ub8i,spotify:track:3V8UKqhEK5zBkBb6d6ub8i,2019-06-07T09:00:10Z
Wakarimasen,MIYACHI,Wakarimasen,2018-02-21,197781,0,2pKFzFppOFAMuH36yE5KeO,spotify:track:2pKFzFppOFAMuH36yE5KeO,2019-06-07T08:54:41Z
Please Don't Go,Mike Posner,31 Minutes to Takeoff,2010-08-09,196813,64,6jg5SRvdGxvJ0DzNV0UqEK,spotify:track:6jg5SRvdGxvJ0DzNV0UqEK,2019-06-06T17:47:12Z
Fasting and Furious,Jordindian,Fasting and Furious,2019-05-26,226666,24,0v5qrjAafwmelRaEgp6Ifd,spotify:track:0v5qrjAafwmelRaEgp6Ifd,2019-05-28T08:17:22Z
Smoke Shisha Play Fifa,Jordindian,Smoke Shisha Play Fifa,2018-07-11,207157,31,77krlS5YQNHGqmqET5tqHh,spotify:track:77krlS5YQNHGqmqET5tqHh,2019-05-28T08:17:10Z
Just stay,HYOLYN,30 But 17 OST Part.2,2018-08-07,212130,43,6zoRfHnv1ohgmCkmkwtZg9,spotify:track:6zoRfHnv1ohgmCkmkwtZg9,2019-05-26T16:42:00Z
パラノイア,majiko,ひび割れた世界,2018-07-04,220106,10,0GdRsO3L5MgARx2Kxptqzx,spotify:track:0GdRsO3L5MgARx2Kxptqzx,2019-05-20T15:08:07Z
Kimi Ni Saigo No Kuchizuke Wo,majiko,Contrast,2015-04-15,280057,38,5thGRKzxnhbB9nE9tE8MNy,spotify:track:5thGRKzxnhbB9nE9tE8MNy,2019-05-20T15:02:23Z
Boy With Luv (feat. Halsey),BTS,MAP OF THE SOUL : PERSONA,2019-04-12,229773,2,5KawlOMHjWeUjQtnuRs22c,spotify:track:5KawlOMHjWeUjQtnuRs22c,2019-05-13T05:12:12Z
Outro: Tear,BTS,Love Yourself 轉 'Tear',2018-05-18,284980,0,5p10VwQ8LRoyTc8LFrvPw6,spotify:track:5p10VwQ8LRoyTc8LFrvPw6,2019-05-13T03:05:24Z
Breeze (feat. GREE),Punch,The Fiery Priest Pt. 2 (Original Television Soundtrack),2019-03-08,232149,0,0oj1C53emapMwN0GLNKO5y,spotify:track:0oj1C53emapMwN0GLNKO5y,2019-05-10T03:48:44Z
파란 봄,AILEE,"Dunia - Into A New World, Pt. 1 (Original Soundtrack)",2018-06-24,251682,0,0KpXBGMi5TPHu8cJGWvNBb,spotify:track:0KpXBGMi5TPHu8cJGWvNBb,2019-05-10T03:38:02Z
낮은 목소리,JAMIE,The Last Empress Pt. 4 (Original Television Soundtrack),2019-01-16,202433,0,29JyOcczeYHj86bXHP9Pyn,spotify:track:29JyOcczeYHj86bXHP9Pyn,2019-05-09T13:51:13Z
Homicide,Logic,Homicide,2019-05-03,245413,22,3tR2xngCdAACoHJglPamId,spotify:track:3tR2xngCdAACoHJglPamId,2019-05-07T10:56:24Z
サマーホラーパーティ,Reol,Σ,2016-10-19,254573,31,76li5HpPEGVY9nCwz4pusX,spotify:track:76li5HpPEGVY9nCwz4pusX,2019-05-07T03:48:44Z
crossing field,LiSA,LANDSPACE,2013-10-30,248946,0,3mScGCzxiXA9OaHdBeuk7O,spotify:track:3mScGCzxiXA9OaHdBeuk7O,2019-04-30T01:06:30Z
Oh NaNa (Hidden. HUR YOUNG JI),KARD,"K.A.R.D Project Vol.1 ""Oh NaNa""",2016-12-13,206772,50,1ZgfAxHQCXLt8o1VXEHHAt,spotify:track:1ZgfAxHQCXLt8o1VXEHHAt,2019-04-29T11:20:53Z
Hola Hola,KARD,KARD 1st Mini Album 'Hola Hola',2017-07-19,202962,50,3VC1IEz9M1txlMSx3h3tPM,spotify:track:3VC1IEz9M1txlMSx3h3tPM,2019-04-29T11:20:49Z
Don't Recall,KARD,"K.A.R.D Project Vol.2 ""Don't Recall""",2017-02-16,208666,49,4b1sQpvL7QVgamRZ74F1oA,spotify:track:4b1sQpvL7QVgamRZ74F1oA,2019-04-29T11:20:19Z
Ref:rain,Aimer,Ref:rain,2018-02-21,290146,0,7ACBxaYBStLkzU8grvbzz5,spotify:track:7ACBxaYBStLkzU8grvbzz5,2019-04-25T14:05:42Z
Brave Shine,Aimer,Dawn,2015-07-29,233493,0,0f34MnV51uwA1jhPQ2XnDe,spotify:track:0f34MnV51uwA1jhPQ2XnDe,2019-04-25T14:05:35Z
カタオモイ,Aimer,Daydream,2016,207360,0,6g93YtKKHU2H1qIqhLIL0Y,spotify:track:6g93YtKKHU2H1qIqhLIL0Y,2019-04-25T14:05:20Z
Don't Leave Me,BTS,FACE YOURSELF,2018-04-04,227413,57,3zIG0WuI5RoJsFYnErkFDU,spotify:track:3zIG0WuI5RoJsFYnErkFDU,2019-04-22T05:33:00Z
"HALA HALA (Hearts Awakened, Live Alive)",ATEEZ,TREASURE EP.2 : Zero To One,2019-01-15,202097,55,4v2BLMhWtVvBnZwuoiKxja,spotify:track:4v2BLMhWtVvBnZwuoiKxja,2019-04-16T14:01:31Z
IGOHOLIC,PLT,IGOHOLIC,2018-09-17,200797,34,1lIirCvdeX4opMgU7mC6W4,spotify:track:1lIirCvdeX4opMgU7mC6W4,2019-04-12T10:12:14Z
Empty words,Huh Gak,Empty words,2018-11-28,252144,29,3Hf9mJbB2Pif4n3VkB1Lzg,spotify:track:3Hf9mJbB2Pif4n3VkB1Lzg,2019-04-12T07:34:14Z
Treat Me Bad (feat. Hwa Sa of MAMAMOO),K.Will,The 4th Album Part.2 [想像; Mood Indigo],2018-11-06,192961,28,2wqTSNnrZhJxVs0Y4TWQO1,spotify:track:2wqTSNnrZhJxVs0Y4TWQO1,2019-04-12T07:26:55Z
"ONE PLUS ONE (Feat.Loco,Bravo)",SOMDEF,ONE PLUS ONE,2018-08-09,207896,19,2S3ffti8IkFh9Jsp9AFWdk,spotify:track:2S3ffti8IkFh9Jsp9AFWdk,2019-04-12T07:26:04Z
Stay With Me,CHANYEOL,"Guardian (Original Television Soundtrack), Pt. 1",2016-12-03,192441,70,1HYzRuWjmS9LXCkdVHi25K,spotify:track:1HYzRuWjmS9LXCkdVHi25K,2019-04-09T14:53:15Z
Star (Little Prince),Loco,"Memories of the Alhambra (Original Television Soundtrack), Pt. 1",2018-12-08,182773,0,5ye8NldYYbhHICP65G0i0k,spotify:track:5ye8NldYYbhHICP65G0i0k,2019-04-08T16:02:51Z
EVERYDAY,WINNER,EVERYD4Y,2018-04-04,206350,0,42rziXmwGA04hNSMi2MliA,spotify:track:42rziXmwGA04hNSMi2MliA,2019-04-08T15:58:56Z
SHA LA LA,PENTAGON,Genie:us,2019-03-27,194904,37,3eOrrreH5zbp4xpfiFqy2D,spotify:track:3eOrrreH5zbp4xpfiFqy2D,2019-04-08T15:58:12Z
TWIT,HWASA,TWIT,2019-02-13,190785,56,6qyz1KOlGJsKYJ4ZsRmRSD,spotify:track:6qyz1KOlGJsKYJ4ZsRmRSD,2019-04-08T15:55:56Z
POP/STARS,K/DA,POP/STARS,2018-11-03,191100,68,5sbooPcNgIE22DwO0VNGUJ,spotify:track:5sbooPcNgIE22DwO0VNGUJ,2019-04-08T15:55:48Z
Dance The Night Away,TWICE,Summer Nights,2018-07-09,180809,0,5ilOXZ0vqTX69rjRubPivH,spotify:track:5ilOXZ0vqTX69rjRubPivH,2019-04-08T15:55:20Z
I’m So Hot,MOMOLAND,Show Me,2019-03-20,200242,45,5unCIQfJLMtcsiU6MP5zmB,spotify:track:5unCIQfJLMtcsiU6MP5zmB,2019-04-08T15:54:51Z
Bomb Bomb,KARD,KARD 1st Digital Single ‘Bomb Bomb’,2019-03-27,163508,53,2U6RSyXFnDVNYoD9iUgi09,spotify:track:2U6RSyXFnDVNYoD9iUgi09,2019-04-08T15:54:44Z
Kill This Love,BLACKPINK,Kill This Love,2019-04-05,189052,0,0M98PvIvx7vZ8LDpzMw1hB,spotify:track:0M98PvIvx7vZ8LDpzMw1hB,2019-04-08T15:54:40Z
サイサキ,Reol,事実上(Special edition),2018-10-17,217680,40,5yMHjWC8xY3MvHl090qABC,spotify:track:5yMHjWC8xY3MvHl090qABC,2019-04-04T01:56:20Z
SAIREN,Reol,事実上(Special edition),2018-10-17,231893,28,5xrkAXDPhJx44YeNpk9Z1f,spotify:track:5xrkAXDPhJx44YeNpk9Z1f,2019-04-04T01:56:13Z
エンドレスライン,Reol,エンドレスEP,2017-10-11,221048,36,0LNzbdozYW70uarbuAzyOg,spotify:track:0LNzbdozYW70uarbuAzyOg,2019-04-04T01:55:59Z
RE:,Reol,Σ,2016-10-19,203240,35,1NVwPClQWzPNFSl10DEGlT,spotify:track:1NVwPClQWzPNFSl10DEGlT,2019-04-04T01:55:46Z
ギミアブレスタッナウ,Reol,Σ,2016-10-19,221986,37,05GgDzto0aWkNJ5NJcdNxl,spotify:track:05GgDzto0aWkNJ5NJcdNxl,2019-04-04T01:55:44Z
404 not found,Reol,Σ,2016-10-19,244906,31,2BY5fNHmpjV797ByjLX4I7,spotify:track:2BY5fNHmpjV797ByjLX4I7,2019-04-04T01:55:40Z
Darling,Kana Nishino,Love Collection 2 Mint,2014,254666,31,3gKEYZOMwxzPjo4oNSWYCm,spotify:track:3gKEYZOMwxzPjo4oNSWYCm,2019-04-04T01:55:33Z
友だち,Kana Nishino,Love Collection 2 Mint,2014,298080,15,4w4L9jLU4kJXXr0fOEF3JL,spotify:track:4w4L9jLU4kJXXr0fOEF3JL,2019-04-04T01:55:29Z
No.1,Kana Nishino,Love Collection 2 Mint,2014,253746,34,5LcNVvOFWoz1L43E4WKqGO,spotify:track:5LcNVvOFWoz1L43E4WKqGO,2019-04-04T01:55:27Z
Bedtime Story,Kana Nishino,Love Collection 2 Mint,2014,295826,13,07mQSfhXLCpPGCryErAoZM,spotify:track:07mQSfhXLCpPGCryErAoZM,2019-04-04T01:55:23Z
You & Me,Kana Nishino,Love Collection 2 Mint,2014,241933,6,70HeYBPpWf7Rcd63yAz0Oi,spotify:track:70HeYBPpWf7Rcd63yAz0Oi,2019-04-04T01:55:19Z
おやすみ,Kana Nishino,Bedtime Story,2018-09-12,179186,0,7xN78rB8z9olTXmuZTaXWB,spotify:track:7xN78rB8z9olTXmuZTaXWB,2019-04-04T01:54:54Z
Bedtime Story,Kana Nishino,Bedtime Story,2018-09-12,295813,0,6VYE9vtkOCwlazfXR3pFPG,spotify:track:6VYE9vtkOCwlazfXR3pFPG,2019-04-04T01:54:51Z
Starlight,BABYMETAL,Starlight,2018-10-19,217216,0,6padXy9mUDtQaAa717KcWg,spotify:track:6padXy9mUDtQaAa717KcWg,2019-03-31T08:03:42Z
YOU AND I,Dreamcatcher,Nightmare - Escape The ERA,2018-05-10,195015,3,1sS61BTtpJxiw8VARNrD7n,spotify:track:1sS61BTtpJxiw8VARNrD7n,2019-03-28T13:11:43Z
PIRI,Dreamcatcher,The End of Nightmare,2019-02-13,206819,0,6vHyPhg8fgclBiY8QN68wp,spotify:track:6vHyPhg8fgclBiY8QN68wp,2019-03-28T13:07:00Z
BOMB (feat. San E),RAVI,R.EAL1ZE,2017-01-09,205867,0,49l2lvIJCJyTQncss9Xvgl,spotify:track:49l2lvIJCJyTQncss9Xvgl,2019-03-25T15:55:42Z
live - Bonus Track,RAVI,RAVI 2nd MINI ALBUM [R.OOK BOOK],2019-03-05,202073,0,7cyirCyE25Aasyk30WC5xa,spotify:track:7cyirCyE25Aasyk30WC5xa,2019-03-25T01:15:16Z
Love U,CHUNG HA,Blooming Blue,2018-07-18,190920,0,4x5l1gjNcoBhhWBPEMo7OQ,spotify:track:4x5l1gjNcoBhhWBPEMo7OQ,2019-03-23T11:05:38Z
Roller Coaster,CHUNG HA,Offset,2018-01-17,212136,0,4xTqgN4ej7EHMd0gWXJdrI,spotify:track:4xTqgN4ej7EHMd0gWXJdrI,2019-03-23T11:02:06Z
crossing field,LiSA,LiSA Best (Day),2018-05-09,249853,0,0hH1rqG4hGWbCT3zLcHdYp,spotify:track:0hH1rqG4hGWbCT3zLcHdYp,2019-03-22T14:50:52Z
ウテナ,Reol,文明EP,2019-03-20,198733,27,4j8iEmJZidEu5hwM7lBtVM,spotify:track:4j8iEmJZidEu5hwM7lBtVM,2019-03-22T00:38:13Z
たい,Reol,文明EP,2019-03-20,224666,32,4gtvQM3JWzRNYwGF1iYkmb,spotify:track:4gtvQM3JWzRNYwGF1iYkmb,2019-03-22T00:38:13Z
シンカロン,Reol,文明EP,2019-03-20,222266,26,15eeDH2c5RDLvSKY9qjldS,spotify:track:15eeDH2c5RDLvSKY9qjldS,2019-03-22T00:38:13Z
失楽園,Reol,文明EP,2019-03-20,254733,31,3yXwighahVa3l4v71wZ0LT,spotify:track:3yXwighahVa3l4v71wZ0LT,2019-03-22T00:38:13Z
KISS OF DEATH(Produced by HYDE),Mika Nakashima,Kiss of Death (Produced by Hyde),2018-03-07,249693,0,5783FVFtXJMM094CCdHPC5,spotify:track:5783FVFtXJMM094CCdHPC5,2019-03-21T16:37:26Z
My Dearest,supercell,My Dearest,2011-11-23,338520,0,0efFgOBtbYxopnz0mKY2j9,spotify:track:0efFgOBtbYxopnz0mKY2j9,2019-03-21T16:32:18Z
gogobebe,MAMAMOO,White Wind,2019-03-14,195855,57,6E7jAJN2e3znSHyPCdQqx8,spotify:track:6E7jAJN2e3znSHyPCdQqx8,2019-03-21T06:56:35Z
Starry Night,MAMAMOO,Yellow Flower,2018-03-07,211236,0,5MaDeMdqsPsZTxNWdEZPVH,spotify:track:5MaDeMdqsPsZTxNWdEZPVH,2019-03-21T06:46:40Z
Finally,MAMAMOO,Purple,2017-06-23,188900,0,1fuDuKGjiMw55EjDC9loRH,spotify:track:1fuDuKGjiMw55EjDC9loRH,2019-03-21T06:38:02Z
No more drama,MAMAMOO,BLUE;S,2018-11-29,190793,38,3KxYiSZ4n7ih45JtE2T518,spotify:track:3KxYiSZ4n7ih45JtE2T518,2019-03-21T06:35:18Z
With You,MY FIRST STORY,S･S･S,2018-10-17,254800,42,6jGB8Elznkw3445mTX9EWz,spotify:track:6jGB8Elznkw3445mTX9EWz,2019-03-21T03:37:53Z
ADAMAS,LiSA,Akai Wana (Who Loves It?) / ADAMAS,2018-12-12,225000,0,7xsTPnzpEcqCQguRxnBxOR,spotify:track:7xsTPnzpEcqCQguRxnBxOR,2019-03-20T13:47:15Z
Kokoronashi,majiko,Contrast,2015-04-15,273583,59,1FXrYwvWwjmbw8cqFC1OWz,spotify:track:1FXrYwvWwjmbw8cqFC1OWz,2019-03-19T13:32:05Z
レイメイ,Sayuri,Dawn,2018-12-05,315906,0,1s0QbmRVJ6AK4ICc44tJtB,spotify:track:1s0QbmRVJ6AK4ICc44tJtB,2019-03-19T13:07:25Z
MONSTERS '16,BiSH,FAKE METAL JACKET,2016-01-20,209080,0,54fu0VX8vXGGCcKTlgS9Zm,spotify:track:54fu0VX8vXGGCcKTlgS9Zm,2019-03-19T12:44:28Z
種も仕掛けもある魔法,Daoko,私的旅行,2018-12-12,245853,16,40NZjjsb7gCmFZfiETbaZb,spotify:track:40NZjjsb7gCmFZfiETbaZb,2019-03-19T12:31:50Z
ミカヅキ-Hiro(MY FIRST STORY)Vo ver.-,HIRO,Dawn,2018-12-05,260426,0,0sc4U4EIeFQDKWAz67sl34,spotify:track:0sc4U4EIeFQDKWAz67sl34,2019-03-19T11:48:42Z
Changes,Lucidious,Reflections,2015-12-18,264416,0,0hPJnLTGMk9Wzl5tWDNBmB,spotify:track:0hPJnLTGMk9Wzl5tWDNBmB,2019-03-19T03:42:31Z
NO NAME,NF,NO NAME,2018-01-19,183826,58,7hdw5gAGMyyn9z0XgfTv1j,spotify:track:7hdw5gAGMyyn9z0XgfTv1j,2019-03-19T03:22:55Z
Let's Shut Up & Dance,Jason Derulo,Let's Shut Up & Dance,2019-02-22,208260,47,05fVrhFBjfElZiDfHDRxhF,spotify:track:05fVrhFBjfElZiDfHDRxhF,2019-03-15T09:29:35Z
Wishing,Kana Nishino,"Thank you, Love",2011-06-22,280653,0,2txc9ZvhyVfcZ9AthDTJ6r,spotify:track:2txc9ZvhyVfcZ9AthDTJ6r,2019-03-14T14:34:59Z
missing you,Kana Nishino,Secret Collection (Red),2009,336000,0,5OPlpWuXU3fmJwvwsiSN4c,spotify:track:5OPlpWuXU3fmJwvwsiSN4c,2019-03-14T14:34:57Z
No.1,Kana Nishino,Secret Collection (Green),2010,252000,0,6HH1qlyyVAAJzbctS0OYKB,spotify:track:6HH1qlyyVAAJzbctS0OYKB,2019-03-14T14:34:55Z
Best Friend,Kana Nishino,To Love,2010-06-23,319760,0,37J6yKJ18QJdHR2RTRE55O,spotify:track:37J6yKJ18QJdHR2RTRE55O,2019-03-14T14:34:53Z
トリセツ,Kana Nishino,Love Collection 2 Pink,2013,259013,39,7vVfV8GJ9vdzDnzWCWmIBp,spotify:track:7vVfV8GJ9vdzDnzWCWmIBp,2019-03-14T14:34:51Z
Haru Haru,BIGBANG,Stand Up,2008-08-08,256360,0,0qQBuGsT79rKtmmfC0V38x,spotify:track:0qQBuGsT79rKtmmfC0V38x,2019-03-14T12:36:18Z
Senorita,(G)I-DLE,I made,2019-02-26,197616,57,0q6boCcLaWYPIy2vOsksFg,spotify:track:0q6boCcLaWYPIy2vOsksFg,2019-03-14T02:05:43Z
No,CLC,No.1,2019-01-30,181975,46,3sygLAUhHsJsQ0cBk6fxRd,spotify:track:3sygLAUhHsJsQ0cBk6fxRd,2019-03-14T02:05:32Z
PERSON.,Cö shu Nie,Asphyxia,2018-06-06,235466,0,13Qmlgk3d0P9E81Vjf0MJq,spotify:track:13Qmlgk3d0P9E81Vjf0MJq,2019-03-13T15:41:04Z
Departures 〜あなたにおくるアイの歌〜,EGOIST,Extra Terrestrial Biological Entities,2011,255013,0,33w7LgNJIuhs5dhSYZ0do1,spotify:track:33w7LgNJIuhs5dhSYZ0do1,2019-03-13T15:12:47Z
光るなら,Goose house,Milk,2015-04-06,252133,0,4kAAko5kg70EjAWGF2ViWW,spotify:track:4kAAko5kg70EjAWGF2ViWW,2019-03-13T15:12:45Z
ないものねだり,KANA-BOON,僕がCDを出したら,2013-04-24,262693,58,1dsh4buvcBs2u7YtHy29c7,spotify:track:1dsh4buvcBs2u7YtHy29c7,2019-03-13T15:12:42Z
シルエット,KANA-BOON,Time,2015-01-21,240133,0,21z1GxeHjfD3qkaF5CgCTO,spotify:track:21z1GxeHjfD3qkaF5CgCTO,2019-03-13T15:12:40Z
Shelter,Porter Robinson,Shelter,2016-08-12,218964,4,2CgOd0Lj5MuvOqzqdaAXtS,spotify:track:2CgOd0Lj5MuvOqzqdaAXtS,2019-03-13T15:12:39Z
打上花火,Daoko,打上花火,2017-08-16,289334,61,7pcTLUekZJQnzDOUDuExVJ,spotify:track:7pcTLUekZJQnzDOUDuExVJ,2019-03-13T15:12:36Z
Egotistic,MAMAMOO,RED MOON,2018-07-16,196018,0,5Z4aqpT39KpY8gbHoJWdou,spotify:track:5Z4aqpT39KpY8gbHoJWdou,2019-03-13T15:12:15Z
Siren,SUNMI,WARNING,2018-09-12,199133,0,2EK48RuuE8HHMDzD2rEDqL,spotify:track:2EK48RuuE8HHMDzD2rEDqL,2019-03-13T15:12:14Z
HANN (Alone),(G)I-DLE,HANN (Alone),2018-08-14,205820,58,7gr57cYekMWriyJYbT7oZ4,spotify:track:7gr57cYekMWriyJYbT7oZ4,2019-03-13T15:12:12Z
LATATA,(G)I-DLE,I am,2018-05-02,202772,61,2ezKXygNO30pXyDQXkm6oD,spotify:track:2ezKXygNO30pXyDQXkm6oD,2019-03-13T15:12:11Z
Shine,PENTAGON,Positive,2018-04-02,198795,60,7nkp1uuSbKkoxMvEs8cSw0,spotify:track:7nkp1uuSbKkoxMvEs8cSw0,2019-03-13T15:12:08Z
Gashina,SUNMI,SUNMI SPECIAL EDITION [Gashina],2017-08-22,180000,62,0jFHMDRXxKaREor3hBEEST,spotify:track:0jFHMDRXxKaREor3hBEEST,2019-03-13T15:12:04Z
BBIBBI,IU,BBIBBI,2018-10-10,194426,64,4as4XEOR03oGm1STUKl6pa,spotify:track:4as4XEOR03oGm1STUKl6pa,2019-03-13T15:11:57Z
What is Love?,TWICE,What is Love?,2018-04-09,208238,0,5m95gCTAiHshTaajznt5fA,spotify:track:5m95gCTAiHshTaajznt5fA,2019-03-13T15:11:56Z
IDOL,BTS,Love Yourself 結 'Answer',2018-08-24,260233,0,03iCbZaM4OkRR4We6wIzvx,spotify:track:03iCbZaM4OkRR4We6wIzvx,2019-03-13T15:11:55Z
ON N ON,Miso,ON N ON,2019-02-18,219252,20,5XDcGqKJ038edsTPs0ySt5,spotify:track:5XDcGqKJ038edsTPs0ySt5,2019-03-13T15:11:53Z
KILLING ME,iKON,NEW KIDS : CONTINUE,2018-08-02,193733,0,27kB4qLUCV8nZd2eOgj1Tk,spotify:track:27kB4qLUCV8nZd2eOgj1Tk,2019-03-13T15:11:51Z
%%(Eung Eung),Apink,PERCENT,2019-01-07,208103,0,6MiGIhcqRysLfTTeTEgSuv,spotify:track:6MiGIhcqRysLfTTeTEgSuv,2019-03-13T15:11:48Z
LOVE SCENARIO,iKON,Return,2018-01-25,209648,0,6qAzAmPBUpGrk7XADZHR5k,spotify:track:6qAzAmPBUpGrk7XADZHR5k,2019-03-13T15:11:46Z
Noir 누아르,SUNMI,Noir 누아르,2019-03-04,209678,0,4yJ6CHGtEjUnMsZ4IMqReH,spotify:track:4yJ6CHGtEjUnMsZ4IMqReH,2019-03-13T15:11:41Z
La Vie en Rose,IZ*ONE,COLOR*IZ,2018-10-29,218993,0,1fRaznZsAB2i63TtmYv2Hc,spotify:track:1fRaznZsAB2i63TtmYv2Hc,2019-03-13T15:11:40Z
달라달라 DALLA DALLA,ITZY,IT'z Different,2019-02-13,199873,0,6G7DuXoSGeAf6BZivJdEjF,spotify:track:6G7DuXoSGeAf6BZivJdEjF,2019-03-13T15:11:31Z
Sunrise,GFRIEND,GFRIEND The 2nd Album 'Time for us',2019-01-14,216488,31,1e7eOq89QU6vGYCJp9yW2L,spotify:track:1e7eOq89QU6vGYCJp9yW2L,2019-03-10T08:33:43Z
Gotta Go,CHUNG HA,Gotta Go,2019-01-02,221813,0,0xq4ZTcmwBfkPGo4RRKmMe,spotify:track:0xq4ZTcmwBfkPGo4RRKmMe,2019-03-10T01:58:50Z
unravel,TK from Ling tosite sigure,Fantastic Magic,2014-08-27,238360,0,0GLyqTysS0DFoeKjURtB8s,spotify:track:0GLyqTysS0DFoeKjURtB8s,2019-03-09T17:38:00Z
Boy with a star,HYUK,Boy with a star,2019-01-12,251280,0,6yYmQzs0WuUcGn38MheTEF,spotify:track:6yYmQzs0WuUcGn38MheTEF,2019-03-09T12:23:52Z
I Love You,EXID,I Love You,2018-11-21,194699,52,7n2HVHWqFsyAOs5HqmE1Dl,spotify:track:7n2HVHWqFsyAOs5HqmE1Dl,2019-03-09T12:03:55Z
TUXEDO,RAVI,RAVI 2nd MINI ALBUM [R.OOK BOOK],2019-03-05,210564,0,0kywDpDY5ZQm6kC9GkNsit,spotify:track:0kywDpDY5ZQm6kC9GkNsit,2019-03-09T10:11:52Z
asphyxia,Cö shu Nie,asphyxia,2018-04-04,174780,0,49u6NxoLP5S6kfTYLmUfkQ,spotify:track:49u6NxoLP5S6kfTYLmUfkQ,2019-03-08T14:20:24Z
CROWN,TOMORROW X TOGETHER,The Dream Chapter: STAR,2019-03-04,230706,0,32h6yQGn4oAhZ0HRsTMX26,spotify:track:32h6yQGn4oAhZ0HRsTMX26,2019-03-08T13:56:56Z
君の知らない物語,supercell,Today Is A Beautiful Day,2011-03-16,339573,0,1X1nr03YwYlwGxWHolbwzw,spotify:track:1X1nr03YwYlwGxWHolbwzw,2019-03-07T14:11:55Z
Miku,Anamanaguchi,Miku,2016-05-24,223124,0,2MQwgtSGxPKUiI2Qr5am7V,spotify:track:2MQwgtSGxPKUiI2Qr5am7V,2019-03-07T12:03:18Z
アイリス,Eir Aoi,Iris,2018-10-26,247426,0,2SsLcXEBuTZYv6mW1a3C53,spotify:track:2SsLcXEBuTZYv6mW1a3C53,2019-03-07T11:19:46Z
Overfly,Luna Haruna,Oversky,2013-08-21,267506,0,0tw4GLi5c36owjRA26mJf2,spotify:track:0tw4GLi5c36owjRA26mJf2,2019-03-07T06:23:37Z
Within (Goblin Slayer Episode Twelve inserted song),Mili,Within (Goblin Slayer Episode Twelve inserted song),2018-12-23,166184,39,0XGiCdsCrUZmImVOEM6HMn,spotify:track:0XGiCdsCrUZmImVOEM6HMn,2019-03-07T06:13:12Z
Kyouran Hey Kids!!,THE ORAL CIGARETTES,FIXION,2016-01-05,250973,67,38kcwx5znepLWCIBID0Bwm,spotify:track:38kcwx5znepLWCIBID0Bwm,2019-03-07T06:03:50Z
Flyers,BRADIO,POWER OF LIFE,2015-06-03,210083,57,6VBQ4DF4fwPJNA96RbMQWT,spotify:track:6VBQ4DF4fwPJNA96RbMQWT,2019-03-07T06:00:21Z
Kizukeyo Baby,THE ORAL CIGARETTES,FIXION,2016-01-05,253746,46,3EEaEEltAaQAp0EhIwJEaK,spotify:track:3EEaEEltAaQAp0EhIwJEaK,2019-03-07T05:50:08Z
IGNITE,Eir Aoi,Best - A -,2012,244786,0,0M4dLrDesljsojfZsImZBD,spotify:track:0M4dLrDesljsojfZsImZBD,2019-03-07T05:41:45Z
だってアタシのヒーロー。,LiSA,LiSA Best (Day),2018-05-09,234266,0,1htJGL473Dub5QGKecXi9R,spotify:track:1htJGL473Dub5QGKecXi9R,2019-03-07T05:34:31Z
Goya No Machiawase,Hello Sleepwalkers,Masked Monkey Awakening,2014-02-19,170640,58,5s0AxcVJJD2YYPstMb61ro,spotify:track:5s0AxcVJJD2YYPstMb61ro,2019-03-07T05:27:17Z
Onii-chan (feat. Imouto),NIB,Onii-chan (feat. Imouto),2019-01-22,189770,0,5tyorHXtqpiRO7CH7Zueho,spotify:track:5tyorHXtqpiRO7CH7Zueho,2019-03-06T12:48:53Z
